mse_penalty,tol,breakpoint_reg,t_squared_objective,lower_bound,upper_bound
0.0,1e-06,0.0,True,0.0,
0.0,1e-06,0.0,False,5.997290835172318e-11,
0.0,1e-06,1e-12,True,0.0,
0.0,1e-06,1e-12,False,1.713307600472925e-10,
0.0,1e-06,1e-08,True,0.0,
0.0,1e-06,1e-08,False,0.0,
0.0,1e-09,0.0,True,0.0,
0.0,1e-09,0.0,False,4.852128730046769e-10,
0.0,1e-09,1e-12,True,0.0,
0.0,1e-09,1e-12,False,5.96412354478816e-10,
0.0,1e-09,1e-08,True,0.0,
0.0,1e-09,1e-08,False,2.8070202524020213e-10,
0.3333333333333333,1e-06,0.0,True,0.045657023322010985,
0.3333333333333333,1e-06,0.0,False,0.0062516743871580405,25.05987962133323
0.3333333333333333,1e-06,1e-12,True,0.045657020740640764,1.9240354385453622
0.3333333333333333,1e-06,1e-12,False,0.0062516743545283455,25.059909948279508
0.3333333333333333,1e-06,1e-08,True,0.0456570228711494,1.9240354501128767
0.3333333333333333,1e-06,1e-08,False,0.006251675238025058,25.06021530854997
0.3333333333333333,1e-09,0.0,True,0.045654206470471616,
0.3333333333333333,1e-09,0.0,False,0.006250981119944346,
0.3333333333333333,1e-09,1e-12,True,0.04565422294659856,
0.3333333333333333,1e-09,1e-12,False,0.006250981088180545,
0.3333333333333333,1e-09,1e-08,True,0.04565422884457407,1.9240217692799808
0.3333333333333333,1e-09,1e-08,False,0.006250981957588236,
0.6666666666666666,1e-06,0.0,True,0.048043574547119286,
0.6666666666666666,1e-06,0.0,False,0.012425308662319112,2.214575855471601
0.6666666666666666,1e-06,1e-12,True,0.04804357464340683,
0.6666666666666666,1e-06,1e-12,False,0.012425308595790566,2.2145758554740347
0.6666666666666666,1e-06,1e-08,True,0.04804358291095544,
0.6666666666666666,1e-06,1e-08,False,0.012425310206114688,2.2145758552874213
0.6666666666666666,1e-09,0.0,True,0.048051934434981236,
0.6666666666666666,1e-09,0.0,False,0.012425088948927696,
0.6666666666666666,1e-09,1e-12,True,0.048051934514638045,
0.6666666666666666,1e-09,1e-12,False,0.012425088882313322,
0.6666666666666666,1e-09,1e-08,True,0.04805194277696838,
0.6666666666666666,1e-09,1e-08,False,0.012425090491664627,
1.0,1e-06,0.0,True,0.04849475564560925,1.1120706076955063
1.0,1e-06,0.0,False,0.01845147814115992,1414.2120465060004
1.0,1e-06,1e-12,True,0.048494755752795646,
1.0,1e-06,1e-12,False,0.018451478220088795,1412.7745967186204
1.0,1e-06,1e-08,True,0.04849476606519085,
1.0,1e-06,1e-08,False,0.018451480497822113,1412.8854713555054
1.0,1e-09,0.0,True,0.04850906640486813,
1.0,1e-09,0.0,False,0.01845155654612674,
1.0,1e-09,1e-12,True,0.04850906650163329,
1.0,1e-09,1e-12,False,0.01845155662753691,
1.0,1e-09,1e-08,True,0.04850907652913692,
1.0,1e-09,1e-08,False,0.01845155890529707,
1.3333333333333333,1e-06,0.0,True,0.04868030809602321,
1.3333333333333333,1e-06,0.0,False,0.024270579207653988,
1.3333333333333333,1e-06,1e-12,True,0.048680308124777145,
1.3333333333333333,1e-06,1e-12,False,0.024270579226418548,
1.3333333333333333,1e-06,1e-08,True,0.04868031892913561,
1.3333333333333333,1e-06,1e-08,False,0.024270582266172794,2.2145740186956018
1.3333333333333333,1e-09,0.0,True,0.04868102462047746,
1.3333333333333333,1e-09,0.0,False,0.024270605714692552,
1.3333333333333333,1e-09,1e-12,True,0.048681024706482244,
1.3333333333333333,1e-09,1e-12,False,0.02427060573050379,
1.3333333333333333,1e-09,1e-08,True,0.048681035900666435,
1.3333333333333333,1e-09,1e-08,False,0.024270608772916848,
1.6666666666666665,1e-06,0.0,True,0.04875766785641841,1.0468355724281482
1.6666666666666665,1e-06,0.0,False,0.02983597888658141,2.2145914634689623
1.6666666666666665,1e-06,1e-12,True,0.048757668215810936,
1.6666666666666665,1e-06,1e-12,False,0.029835978769705885,2.214591463469633
1.6666666666666665,1e-06,1e-08,True,0.048757678705807564,
1.6666666666666665,1e-06,1e-08,False,0.02983598268022783,2.2145914633924457
1.6666666666666665,1e-09,0.0,True,0.04876007192597784,
1.6666666666666665,1e-09,0.0,False,0.02983635062739454,
1.6666666666666665,1e-09,1e-12,True,0.04876007261138409,
1.6666666666666665,1e-09,1e-12,False,0.029836350510763127,
1.6666666666666665,1e-09,1e-08,True,0.04876007687896046,
1.6666666666666665,1e-09,1e-08,False,0.02983635442011081,
2.0,1e-06,0.0,True,0.04879883905146314,
2.0,1e-06,0.0,False,0.034586434251403605,
2.0,1e-06,1e-12,True,0.04879883995558963,
2.0,1e-06,1e-12,False,0.034586434411395375,
2.0,1e-06,1e-08,True,0.04879885019496571,
2.0,1e-06,1e-08,False,0.034586439041724065,
2.0,1e-09,0.0,True,0.04880298102709861,
2.0,1e-09,0.0,False,0.03458607220143236,
2.0,1e-09,1e-12,True,0.048802981932335066,
2.0,1e-09,1e-12,False,0.0345860723620458,
2.0,1e-09,1e-08,True,0.048802992843628296,
2.0,1e-09,1e-08,False,0.03458607699317457,
2.333333333333333,1e-06,0.0,True,0.04883140592760702,1.0468369466628076
2.333333333333333,1e-06,0.0,False,0.037898179663353106,
2.333333333333333,1e-06,1e-12,True,0.04883140436243233,
2.333333333333333,1e-06,1e-12,False,0.03789817950018248,
2.333333333333333,1e-06,1e-08,True,0.04883147710347742,
2.333333333333333,1e-06,1e-08,False,0.03789818432636737,
2.333333333333333,1e-09,0.0,True,0.04882885408409171,
2.333333333333333,1e-09,0.0,False,0.03789806024810399,
2.333333333333333,1e-09,1e-12,True,0.04882884513024172,
2.333333333333333,1e-09,1e-12,False,0.037898060084023036,
2.333333333333333,1e-09,1e-08,True,0.048828855435562,1.0468383395229142
2.333333333333333,1e-09,1e-08,False,0.03789806491902967,
2.6666666666666665,1e-06,0.0,True,0.04884195462962823,1.0468273272916537
2.6666666666666665,1e-06,0.0,False,0.040297576461337005,2.0522653777235544
2.6666666666666665,1e-06,1e-12,True,0.048841954664198856,
2.6666666666666665,1e-06,1e-12,False,0.04029757655194721,2.0522653812332896
2.6666666666666665,1e-06,1e-08,True,0.04884196365115046,1.046827327472707
2.6666666666666665,1e-06,1e-08,False,0.04029761395676324,2.0522663637656517
2.6666666666666665,1e-09,0.0,True,0.04884614336203111,
2.6666666666666665,1e-09,0.0,False,0.040297077838887495,
2.6666666666666665,1e-09,1e-12,True,0.04884614337299691,
2.6666666666666665,1e-09,1e-12,False,0.04029707783781539,
2.6666666666666665,1e-09,1e-08,True,0.048846150551256545,
2.6666666666666665,1e-09,1e-08,False,0.04029708268778095,
3.0,1e-06,0.0,True,0.0488516676205015,
3.0,1e-06,0.0,False,0.04209519455712678,
3.0,1e-06,1e-12,True,0.04885166761776665,
3.0,1e-06,1e-12,False,0.042095194557833046,
3.0,1e-06,1e-08,True,0.04885167665591067,
3.0,1e-06,1e-08,False,0.04209520018163231,
3.0,1e-09,0.0,True,0.04885848424451574,
3.0,1e-09,0.0,False,0.04209433482116785,
3.0,1e-09,1e-12,True,0.04885848422111594,
3.0,1e-09,1e-12,False,0.042094334825161596,
3.0,1e-09,1e-08,True,0.04885849590118661,
3.0,1e-09,1e-08,False,0.04209434045602184,
3.333333333333333,1e-06,0.0,True,0.04886669158860022,
3.333333333333333,1e-06,0.0,False,0.04347417700736199,
3.333333333333333,1e-06,1e-12,True,0.04886669155641036,
3.333333333333333,1e-06,1e-12,False,0.043474177010403466,
3.333333333333333,1e-06,1e-08,True,0.048866697216469836,
3.333333333333333,1e-06,1e-08,False,0.04347418762371788,
3.333333333333333,1e-09,0.0,True,0.04885963047621929,
3.333333333333333,1e-09,0.0,False,0.04347576954304118,
3.333333333333333,1e-09,1e-12,True,0.04885964822824339,
3.333333333333333,1e-09,1e-12,False,0.04347576955254968,
3.333333333333333,1e-09,1e-08,True,0.04885963849821013,
3.333333333333333,1e-09,1e-08,False,0.04347577569167033,
3.6666666666666665,1e-06,0.0,True,0.04886083754016275,
3.6666666666666665,1e-06,0.0,False,0.04455893584614731,1.970448853286189
3.6666666666666665,1e-06,1e-12,True,0.048860837469651065,
3.6666666666666665,1e-06,1e-12,False,0.044558935846519064,1.970448853275931
3.6666666666666665,1e-06,1e-08,True,0.04885735816747507,1.0468356351497323
3.6666666666666665,1e-06,1e-08,False,0.04455894218387185,
3.6666666666666665,1e-09,0.0,True,0.048859833939699476,
3.6666666666666665,1e-09,0.0,False,0.0445591069989595,1.9705081590590292
3.6666666666666665,1e-09,1e-12,True,0.04885984536901127,
3.6666666666666665,1e-09,1e-12,False,0.044559106997953166,
3.6666666666666665,1e-09,1e-08,True,0.04885986469619509,
3.6666666666666665,1e-09,1e-08,False,0.04455911335261675,1.9705081595488385
4.0,1e-06,0.0,True,0.04886763073930982,
4.0,1e-06,0.0,False,0.04542510594109555,1.9522647485599915
4.0,1e-06,1e-12,True,0.04886763072730685,
4.0,1e-06,1e-12,False,0.045425105934501935,1.9522647485142197
4.0,1e-06,1e-08,True,0.048867642176556765,1.0468385124439683
4.0,1e-06,1e-08,False,0.045425112756601584,1.9522647486550273
4.0,1e-09,0.0,True,0.04885997420512444,
4.0,1e-09,0.0,False,0.045422362589002854,
4.0,1e-09,1e-12,True,0.04885997413155248,
4.0,1e-09,1e-12,False,0.04542236258683512,
4.0,1e-09,1e-08,True,0.048859984840838026,1.0468383395280343
4.0,1e-09,1e-08,False,0.0454223694310508,
4.333333333333333,1e-06,0.0,True,0.04886894488815153,
4.333333333333333,1e-06,0.0,False,0.04609990059948924,1.9350415780017836
4.333333333333333,1e-06,1e-12,True,0.048868944947561686,
4.333333333333333,1e-06,1e-12,False,0.04609990059240549,
4.333333333333333,1e-06,1e-08,True,0.048868917215728676,
4.333333333333333,1e-06,1e-08,False,0.04609990822423337,1.935041583462493
4.333333333333333,1e-09,0.0,True,0.04886007677843497,
4.333333333333333,1e-09,0.0,False,0.04609458093767572,1.935024950434077
4.333333333333333,1e-09,1e-12,True,0.04886007675396557,
4.333333333333333,1e-09,1e-12,False,0.04609458093935447,
4.333333333333333,1e-09,1e-08,True,0.048860106857114206,
4.333333333333333,1e-09,1e-08,False,0.04609458828871628,1.935024955646363
4.666666666666666,1e-06,0.0,True,0.048858117745268055,
4.666666666666666,1e-06,0.0,False,0.046593232968961604,1.9135163816665033
4.666666666666666,1e-06,1e-12,True,0.048858117807061834,1.0468383967115023
4.666666666666666,1e-06,1e-12,False,0.046593232979186855,
4.666666666666666,1e-06,1e-08,True,0.048858132386484246,
4.666666666666666,1e-06,1e-08,False,0.04659324086911034,1.9135163988434725
4.666666666666666,1e-09,0.0,True,0.04886017251988699,
4.666666666666666,1e-09,0.0,False,0.04659491685973357,
4.666666666666666,1e-09,1e-12,True,0.048860172879537166,
4.666666666666666,1e-09,1e-12,False,0.04659491690813192,
4.666666666666666,1e-09,1e-08,True,0.048860184532786385,
4.666666666666666,1e-09,1e-08,False,0.046594924387309535,
5.0,1e-06,0.0,True,0.04886511730872039,1.0468363069587405
5.0,1e-06,0.0,False,0.04697184698045105,1.886391550281262
5.0,1e-06,1e-12,True,0.04886511731150846,
5.0,1e-06,1e-12,False,0.04697184698778908,
5.0,1e-06,1e-08,True,0.04886512930557202,
5.0,1e-06,1e-08,False,0.04697185545991661,
5.0,1e-09,0.0,True,0.04886022479028536,
5.0,1e-09,0.0,False,0.04697121741341267,
5.0,1e-09,1e-12,True,0.04886022541709484,
5.0,1e-09,1e-12,False,0.04697121747901754,
5.0,1e-09,1e-08,True,0.048860234646012336,
5.0,1e-09,1e-08,False,0.04697122560976322,
5.333333333333333,1e-06,0.0,True,0.048865030424029655,
5.333333333333333,1e-06,0.0,False,0.047259539039766395,
5.333333333333333,1e-06,1e-12,True,0.04886503068358646,
5.333333333333333,1e-06,1e-12,False,0.04725953907248782,
5.333333333333333,1e-06,1e-08,True,0.04886504702784265,
5.333333333333333,1e-06,1e-08,False,0.04725954743905756,
5.333333333333333,1e-09,0.0,True,0.04886026766459161,
5.333333333333333,1e-09,0.0,False,0.04725830605012912,
5.333333333333333,1e-09,1e-12,True,0.04886027555758126,
5.333333333333333,1e-09,1e-12,False,0.04725830605158399,
5.333333333333333,1e-09,1e-08,True,0.048860265873534,
5.333333333333333,1e-09,1e-08,False,0.047258313914473715,1.8766026782246386
5.666666666666666,1e-06,0.0,True,0.04886330505513006,
5.666666666666666,1e-06,0.0,False,0.047479848888495435,
5.666666666666666,1e-06,1e-12,True,0.04886330504052482,1.0468404247480991
5.666666666666666,1e-06,1e-12,False,0.04747984888985904,
5.666666666666666,1e-06,1e-08,True,0.04886331371094401,
5.666666666666666,1e-06,1e-08,False,0.0474798584130271,
5.666666666666666,1e-09,0.0,True,0.048860296396144566,
5.666666666666666,1e-09,0.0,False,0.047481136633718946,
5.666666666666666,1e-09,1e-12,True,0.04886030635311012,
5.666666666666666,1e-09,1e-12,False,0.047481136872912104,
5.666666666666666,1e-09,1e-08,True,0.04886031638409976,
5.666666666666666,1e-09,1e-08,False,0.047481145558310664,
6.0,1e-06,0.0,True,0.04885846944289867,
6.0,1e-06,0.0,False,0.047653719328040633,1.8030770069268631
6.0,1e-06,1e-12,True,0.0488584694555201,
6.0,1e-06,1e-12,False,0.04765371934089008,
6.0,1e-06,1e-08,True,0.048858476911075366,
6.0,1e-06,1e-08,False,0.04765372971965047,
6.0,1e-09,0.0,True,0.04886035093423972,
6.0,1e-09,0.0,False,0.047657370103088306,
6.0,1e-09,1e-12,True,0.04886033095028202,
6.0,1e-09,1e-12,False,0.047657370173053916,
6.0,1e-09,1e-08,True,0.048860341751840626,
6.0,1e-09,1e-08,False,0.0476573790675935,
6.333333333333333,1e-06,0.0,True,0.0488616801113599,
6.333333333333333,1e-06,0.0,False,0.04779719166674708,1.728300391719151
6.333333333333333,1e-06,1e-12,True,0.04886168020950629,1.0468389587855749
6.333333333333333,1e-06,1e-12,False,0.04779719133981523,1.728300384721273
6.333333333333333,1e-06,1e-08,True,0.04886169393440744,
6.333333333333333,1e-06,1e-08,False,0.047797198607320554,1.728300637483879
6.333333333333333,1e-09,0.0,True,0.048860348738202816,
6.333333333333333,1e-09,0.0,False,0.04779940470983916,
6.333333333333333,1e-09,1e-12,True,0.04886036261877525,
6.333333333333333,1e-09,1e-12,False,0.04779940569194828,
6.333333333333333,1e-09,1e-08,True,0.04886037295204182,1.0468383396426453
6.333333333333333,1e-09,1e-08,False,0.04779941284421294,
6.666666666666666,1e-06,0.0,True,0.048859937670728736,1.0468389754055483
6.666666666666666,1e-06,0.0,False,0.04791980169251457,1.6576300485459852
6.666666666666666,1e-06,1e-12,True,0.048859937716552004,
6.666666666666666,1e-06,1e-12,False,0.04791980167959231,
6.666666666666666,1e-06,1e-08,True,0.04885987520252337,
6.666666666666666,1e-06,1e-08,False,0.04791981101654472,
6.666666666666666,1e-09,0.0,True,0.04886037121542509,
6.666666666666666,1e-09,0.0,False,0.04791592840342051,
6.666666666666666,1e-09,1e-12,True,0.048860371164457406,
6.666666666666666,1e-09,1e-12,False,0.0479159300322997,
6.666666666666666,1e-09,1e-08,True,0.04886040896825735,
6.666666666666666,1e-09,1e-08,False,0.04791593961711075,
7.0,1e-06,0.0,True,0.04886433983955962,
7.0,1e-06,0.0,False,0.048014482195148984,
7.0,1e-06,1e-12,True,0.04886433995567247,
7.0,1e-06,1e-12,False,0.04801448221457096,
7.0,1e-06,1e-08,True,0.04886436203891622,
7.0,1e-06,1e-08,False,0.048014491498516824,
7.0,1e-09,0.0,True,0.04886041593762192,
7.0,1e-09,0.0,False,0.04801307477692129,
7.0,1e-09,1e-12,True,0.04886041607441334,
7.0,1e-09,1e-12,False,0.04801307477722003,
7.0,1e-09,1e-08,True,0.04886042808711848,
7.0,1e-09,1e-08,False,0.04801308256707102,1.5880465404893864
7.333333333333333,1e-06,0.0,True,0.04885908615616184,
7.333333333333333,1e-06,0.0,False,0.04809293685784154,
7.333333333333333,1e-06,1e-12,True,0.048859086095360965,
7.333333333333333,1e-06,1e-12,False,0.04809293685835741,
7.333333333333333,1e-06,1e-08,True,0.04885909180922988,
7.333333333333333,1e-06,1e-08,False,0.04809294680427201,
7.333333333333333,1e-09,0.0,True,0.04886042151315763,
7.333333333333333,1e-09,0.0,False,0.048095232553076836,
7.333333333333333,1e-09,1e-12,True,0.04886042016621012,
7.333333333333333,1e-09,1e-12,False,0.048095232452389884,
7.333333333333333,1e-09,1e-08,True,0.048860431794558255,
7.333333333333333,1e-09,1e-08,False,0.04809524211879868,
7.666666666666666,1e-06,0.0,True,0.048860132028540414,
7.666666666666666,1e-06,0.0,False,0.04815873042573836,1.4690657701748602
7.666666666666666,1e-06,1e-12,True,0.04885958646952905,
7.666666666666666,1e-06,1e-12,False,0.04815873045947934,
7.666666666666666,1e-06,1e-08,True,0.04887310434887194,
7.666666666666666,1e-06,1e-08,False,0.04815873973778933,1.469066021085863
7.666666666666666,1e-09,0.0,True,0.04886043702533776,
7.666666666666666,1e-09,0.0,False,0.04816559322338811,
7.666666666666666,1e-09,1e-12,True,0.048860433323587985,
7.666666666666666,1e-09,1e-12,False,0.048165594498009986,
7.666666666666666,1e-09,1e-08,True,0.04886043659886715,
7.666666666666666,1e-09,1e-08,False,0.048165598632573504,
8.0,1e-06,0.0,True,0.04886336776397294,
8.0,1e-06,0.0,False,0.04822320844635155,
8.0,1e-06,1e-12,True,0.0488622991524802,
8.0,1e-06,1e-12,False,0.04822320844474512,
8.0,1e-06,1e-08,True,0.04886006199309328,
8.0,1e-06,1e-08,False,0.048223218216334615,
8.0,1e-09,0.0,True,0.048860451382154856,
8.0,1e-09,0.0,False,0.04822653240212389,
8.0,1e-09,1e-12,True,0.04886045102873949,
8.0,1e-09,1e-12,False,0.04822653245831321,
8.0,1e-09,1e-08,True,0.048860465480058436,
8.0,1e-09,1e-08,False,0.04822654306920163,
8.333333333333332,1e-06,0.0,True,0.0488608663959675,1.0468409394377969
8.333333333333332,1e-06,0.0,False,0.048278838221994004,
8.333333333333332,1e-06,1e-12,True,0.048861405481073136,
8.333333333333332,1e-06,1e-12,False,0.04827883492908115,
8.333333333333332,1e-06,1e-08,True,0.04886870867282449,
8.333333333333332,1e-06,1e-08,False,0.04827908383838947,
8.333333333333332,1e-09,0.0,True,0.04886045356744575,
8.333333333333332,1e-09,0.0,False,0.048279819269816525,
8.333333333333332,1e-09,1e-12,True,0.04886046333958022,
8.333333333333332,1e-09,1e-12,False,0.048279819214062616,
8.333333333333332,1e-09,1e-08,True,0.04886047377961775,
8.333333333333332,1e-09,1e-08,False,0.0482798269603908,
8.666666666666666,1e-06,0.0,True,0.048860662260179544,
8.666666666666666,1e-06,0.0,False,0.04832154625948023,
8.666666666666666,1e-06,1e-12,True,0.04886128989370027,
8.666666666666666,1e-06,1e-12,False,0.04832154724851176,1.3224835745149357
8.666666666666666,1e-06,1e-08,True,0.04884687708007915,
8.666666666666666,1e-06,1e-08,False,0.04832129890597728,
8.666666666666666,1e-09,0.0,True,0.048860473900834825,
8.666666666666666,1e-09,0.0,False,0.04832681947828673,
8.666666666666666,1e-09,1e-12,True,0.048860472087534176,
8.666666666666666,1e-09,1e-12,False,0.0483268202216022,1.3200649632510504
8.666666666666666,1e-09,1e-08,True,0.048860479676262905,
8.666666666666666,1e-09,1e-08,False,0.04832682759071135,
9.0,1e-06,0.0,True,0.048859069676823894,
9.0,1e-06,0.0,False,0.04836812717040385,
9.0,1e-06,1e-12,True,0.04885813096861502,
9.0,1e-06,1e-12,False,0.048368127456544174,
9.0,1e-06,1e-08,True,0.04886337803854433,1.046838885811175
9.0,1e-06,1e-08,False,0.048368280096279755,
9.0,1e-09,0.0,True,0.048860477248910336,
9.0,1e-09,0.0,False,0.048368588978597055,1.27887766247165
9.0,1e-09,1e-12,True,0.0488604798336305,
9.0,1e-09,1e-12,False,0.04836858964012629,
9.0,1e-09,1e-08,True,0.04886049969467823,
9.0,1e-09,1e-08,False,0.04836859920897911,
9.333333333333332,1e-06,0.0,True,0.04886035918312423,
9.333333333333332,1e-06,0.0,False,0.04840568221721559,
9.333333333333332,1e-06,1e-12,True,0.048860735164236,
9.333333333333332,1e-06,1e-12,False,0.04840569592413073,
9.333333333333332,1e-06,1e-08,True,0.04885912931220585,1.0468371015600346
9.333333333333332,1e-06,1e-08,False,0.048405487446314815,1.241042526762643
9.333333333333332,1e-09,0.0,True,0.04886049558508439,
9.333333333333332,1e-09,0.0,False,0.048405962383667706,
9.333333333333332,1e-09,1e-12,True,0.048860493089139985,
9.333333333333332,1e-09,1e-12,False,0.04840596117117447,
9.333333333333332,1e-09,1e-08,True,0.04886050279323182,
9.333333333333332,1e-09,1e-08,False,0.048405972742879465,
9.666666666666666,1e-06,0.0,True,0.04887013023638282,
9.666666666666666,1e-06,0.0,False,0.048438951496318446,1.2061438959653548
9.666666666666666,1e-06,1e-12,True,0.04886038590146727,
9.666666666666666,1e-06,1e-12,False,0.048438997134760714,1.2061384628566585
9.666666666666666,1e-06,1e-08,True,0.048861138872289586,
9.666666666666666,1e-06,1e-08,False,0.048439447163198035,
9.666666666666666,1e-09,0.0,True,0.04886050783336486,
9.666666666666666,1e-09,0.0,False,0.048439602764532054,
9.666666666666666,1e-09,1e-12,True,0.04886050186404482,
9.666666666666666,1e-09,1e-12,False,0.048439603632391436,
9.666666666666666,1e-09,1e-08,True,0.04886051687459351,
9.666666666666666,1e-09,1e-08,False,0.04843960702992627,
10.0,1e-06,0.0,True,0.04886102450921426,
10.0,1e-06,0.0,False,0.04846953687530086,
10.0,1e-06,1e-12,True,0.04886100639425188,
10.0,1e-06,1e-12,False,0.04846953675408293,1.1710589138298195
10.0,1e-06,1e-08,True,0.04885276087931743,
10.0,1e-06,1e-08,False,0.0484695481205664,
10.0,1e-09,0.0,True,0.04886050993337225,
10.0,1e-09,0.0,False,0.04847004767478793,
10.0,1e-09,1e-12,True,0.04886049995472657,
10.0,1e-09,1e-12,False,0.048470047651176115,
10.0,1e-09,1e-08,True,0.048860516828300386,
10.0,1e-09,1e-08,False,0.04847005776133703,
10.333333333333332,1e-06,0.0,True,0.04886348428654598,
10.333333333333332,1e-06,0.0,False,0.04849832708135081,
10.333333333333332,1e-06,1e-12,True,0.04887015769785986,
10.333333333333332,1e-06,1e-12,False,0.0484983278589412,
10.333333333333332,1e-06,1e-08,True,0.04886084679211901,1.0468378031922554
10.333333333333332,1e-06,1e-08,False,0.04849837791106992,
10.333333333333332,1e-09,0.0,True,0.048860513877158666,1.0468383378784678
10.333333333333332,1e-09,0.0,False,0.048497738089036915,
10.333333333333332,1e-09,1e-12,True,0.04886051986939737,
10.333333333333332,1e-09,1e-12,False,0.04849773839224201,1.1445906456323858
10.333333333333332,1e-09,1e-08,True,0.04886052227035487,
10.333333333333332,1e-09,1e-08,False,0.04849774680215352,
10.666666666666666,1e-06,0.0,True,0.0488603655488264,4.923659057933471
10.666666666666666,1e-06,0.0,False,0.0485237952914286,
10.666666666666666,1e-06,1e-12,True,0.04886301519967947,11.473194979721562
10.666666666666666,1e-06,1e-12,False,0.04852379612605993,1.116635684972146
10.666666666666666,1e-06,1e-08,True,0.04885870962344733,
10.666666666666666,1e-06,1e-08,False,0.048523866695143636,1.1166262061393843
10.666666666666666,1e-09,0.0,True,0.048860524709063664,
10.666666666666666,1e-09,0.0,False,0.0485230303097267,
10.666666666666666,1e-09,1e-12,True,0.048860518062686764,
10.666666666666666,1e-09,1e-12,False,0.048523032144502376,
10.666666666666666,1e-09,1e-08,True,0.04886052961002209,
10.666666666666666,1e-09,1e-08,False,0.04852303873408136,
11.0,1e-06,0.0,True,0.04886189924638955,6.486990743177221
11.0,1e-06,0.0,False,0.04854607565512197,
11.0,1e-06,1e-12,True,0.04886339736003912,
11.0,1e-06,1e-12,False,0.048546075647326326,
11.0,1e-06,1e-08,True,0.048864017335210355,
11.0,1e-06,1e-08,False,0.04854608718947959,
11.0,1e-09,0.0,True,0.04886052679293597,
11.0,1e-09,0.0,False,0.04854623296223797,
11.0,1e-09,1e-12,True,0.048860519407020034,
11.0,1e-09,1e-12,False,0.048546228815993915,
11.0,1e-09,1e-08,True,0.04886053590165122,
11.0,1e-09,1e-08,False,0.04854624188838764,
11.333333333333332,1e-06,0.0,True,0.04885808300813164,2.6656575318798486
11.333333333333332,1e-06,0.0,False,0.048567812481373034,
11.333333333333332,1e-06,1e-12,True,0.04886039550103807,
11.333333333333332,1e-06,1e-12,False,0.04856763167598356,
11.333333333333332,1e-06,1e-08,True,0.04886140238613199,3.7967620930811723
11.333333333333332,1e-06,1e-08,False,0.0485680178534387,
11.333333333333332,1e-09,0.0,True,0.04886053163644726,
11.333333333333332,1e-09,0.0,False,0.048567585576688145,
11.333333333333332,1e-09,1e-12,True,0.04886052907971461,
11.333333333333332,1e-09,1e-12,False,0.04856758547832266,
11.333333333333332,1e-09,1e-08,True,0.048860544471292566,
11.333333333333332,1e-09,1e-08,False,0.04856759880342407,
11.666666666666666,1e-06,0.0,True,0.04886346276452745,1.0468380121630232
11.666666666666666,1e-06,0.0,False,0.04859042248799543,
11.666666666666666,1e-06,1e-12,True,0.048859108092884705,1.0468383922909434
11.666666666666666,1e-06,1e-12,False,0.04859042262049023,
11.666666666666666,1e-06,1e-08,True,0.048861419159280294,
11.666666666666666,1e-06,1e-08,False,0.048590419711428225,
11.666666666666666,1e-09,0.0,True,0.048860519706543884,
11.666666666666666,1e-09,0.0,False,0.04858731893881303,
11.666666666666666,1e-09,1e-12,True,0.04886053659184487,
11.666666666666666,1e-09,1e-12,False,0.04858731338251318,
11.666666666666666,1e-09,1e-08,True,0.048860551411029046,
11.666666666666666,1e-09,1e-08,False,0.04858733002714466,
12.0,1e-06,0.0,True,0.048859093337004104,
12.0,1e-06,0.0,False,0.048603696314289846,
12.0,1e-06,1e-12,True,0.04885859213783591,
12.0,1e-06,1e-12,False,0.04860277068311272,
12.0,1e-06,1e-08,True,0.04886155044170599,4.978559989791103
12.0,1e-06,1e-08,False,0.048606078307928735,1.046838326718092
12.0,1e-09,0.0,True,0.04886054279383798,
12.0,1e-09,0.0,False,0.048605453838403874,1.046838339440598
12.0,1e-09,1e-12,True,0.0488605335527335,
12.0,1e-09,1e-12,False,0.048605452746269144,1.0468383395289345
12.0,1e-09,1e-08,True,0.04886054110294566,
12.0,1e-09,1e-08,False,0.04860545492456832,
12.333333333333332,1e-06,0.0,True,0.04885208062883743,6.6854300260975235
12.333333333333332,1e-06,0.0,False,0.04862100897404838,
12.333333333333332,1e-06,1e-12,True,0.04885962501477605,
12.333333333333332,1e-06,1e-12,False,0.04862233955456343,
12.333333333333332,1e-06,1e-08,True,0.048860434576360766,
12.333333333333332,1e-06,1e-08,False,0.04862228444763653,
12.333333333333332,1e-09,0.0,True,0.048860544442494505,
12.333333333333332,1e-09,0.0,False,0.048621950826243335,
12.333333333333332,1e-09,1e-12,True,0.04886054911524755,
12.333333333333332,1e-09,1e-12,False,0.04862194779546814,
12.333333333333332,1e-09,1e-08,True,0.04886055146928019,
12.333333333333332,1e-09,1e-08,False,0.048621959432258346,
12.666666666666666,1e-06,0.0,True,0.04886111702015555,1.0468410390902958
12.666666666666666,1e-06,0.0,False,0.04863719676733825,
12.666666666666666,1e-06,1e-12,True,0.048858080907474524,
12.666666666666666,1e-06,1e-12,False,0.048637408600083,
12.666666666666666,1e-06,1e-08,True,0.04886055225695866,6.984114888814171
12.666666666666666,1e-06,1e-08,False,0.04863328532302609,
12.666666666666666,1e-09,0.0,True,0.048860549352812636,
12.666666666666666,1e-09,0.0,False,0.04863700757661427,1.0468383395635852
12.666666666666666,1e-09,1e-12,True,0.04886054394001245,
12.666666666666666,1e-09,1e-12,False,0.048637008692574764,1.0468383394880743
12.666666666666666,1e-09,1e-08,True,0.048860557108252003,
12.666666666666666,1e-09,1e-08,False,0.048637014850279145,
13.0,1e-06,0.0,True,0.048862120691882685,3.848376979965808
13.0,1e-06,0.0,False,0.04865065479977775,
13.0,1e-06,1e-12,True,0.048857849938049445,
13.0,1e-06,1e-12,False,0.04865027189495843,
13.0,1e-06,1e-08,True,0.04886034718837115,
13.0,1e-06,1e-08,False,0.04865077373531315,
13.0,1e-09,0.0,True,0.0488605517414097,
13.0,1e-09,0.0,False,0.0486508031896611,
13.0,1e-09,1e-12,True,0.0488605519706049,1.046838339344906
13.0,1e-09,1e-12,False,0.048650806201180216,1.0468383393500633
13.0,1e-09,1e-08,True,0.04886056695002038,
13.0,1e-09,1e-08,False,0.04865081775057553,
13.333333333333332,1e-06,0.0,True,0.04886328404156763,
13.333333333333332,1e-06,0.0,False,0.048663601399556944,
13.333333333333332,1e-06,1e-12,True,0.04885875692228284,
13.333333333333332,1e-06,1e-12,False,0.04866360317855633,
13.333333333333332,1e-06,1e-08,True,0.04886144947204251,3.5366323708828995
13.333333333333332,1e-06,1e-08,False,0.04866422466366208,
13.333333333333332,1e-09,0.0,True,0.04886055589889871,
13.333333333333332,1e-09,0.0,False,0.04866349113508274,
13.333333333333332,1e-09,1e-12,True,0.04886055854739365,
13.333333333333332,1e-09,1e-12,False,0.04866349080806657,
13.333333333333332,1e-09,1e-08,True,0.0488605689823396,
13.333333333333332,1e-09,1e-08,False,0.04866350063618825,
13.666666666666666,1e-06,0.0,True,0.048861390821369,
13.666666666666666,1e-06,0.0,False,0.048673026822793244,
13.666666666666666,1e-06,1e-12,True,0.04886139634402404,
13.666666666666666,1e-06,1e-12,False,0.04867504991720007,1.0468385174002934
13.666666666666666,1e-06,1e-08,True,0.04886114026401886,
13.666666666666666,1e-06,1e-08,False,0.04867567053863503,
13.666666666666666,1e-09,0.0,True,0.048860539531878244,
13.666666666666666,1e-09,0.0,False,0.048675193342702594,
13.666666666666666,1e-09,1e-12,True,0.048860551913754977,
13.666666666666666,1e-09,1e-12,False,0.04867519407537306,
13.666666666666666,1e-09,1e-08,True,0.04886057310190364,
13.666666666666666,1e-09,1e-08,False,0.0486752007918235,
14.0,1e-06,0.0,True,0.04886040392200893,
14.0,1e-06,0.0,False,0.04868592808643364,
14.0,1e-06,1e-12,True,0.04886037772367178,
14.0,1e-06,1e-12,False,0.04868595458335396,
14.0,1e-06,1e-08,True,0.048861628898480995,
14.0,1e-06,1e-08,False,0.048685078493599356,1.046836314259624
14.0,1e-09,0.0,True,0.04886056064771402,
14.0,1e-09,0.0,False,0.048686025966523695,
14.0,1e-09,1e-12,True,0.04886056689776896,
14.0,1e-09,1e-12,False,0.0486860213335902,
14.0,1e-09,1e-08,True,0.04886057456755332,
14.0,1e-09,1e-08,False,0.04868603477810833,1.0468383394862075
14.333333333333332,1e-06,0.0,True,0.04886062303956072,
14.333333333333332,1e-06,0.0,False,0.04869629929527753,
14.333333333333332,1e-06,1e-12,True,0.04885650162738371,1.0468395534014154
14.333333333333332,1e-06,1e-12,False,0.048696502643067914,1.0468380414742624
14.333333333333332,1e-06,1e-08,True,0.04886128940886449,
14.333333333333332,1e-06,1e-08,False,0.048696560233546224,
14.333333333333332,1e-09,0.0,True,0.048860564621273604,
14.333333333333332,1e-09,0.0,False,0.04869607064088001,
14.333333333333332,1e-09,1e-12,True,0.04886056400242851,
14.333333333333332,1e-09,1e-12,False,0.04869607019853227,
14.333333333333332,1e-09,1e-08,True,0.048860574178289685,
14.333333333333332,1e-09,1e-08,False,0.04869608016665292,1.0468383394598089
14.666666666666666,1e-06,0.0,True,0.048859085373537815,6.428936821442923
14.666666666666666,1e-06,0.0,False,0.04870552473175286,
14.666666666666666,1e-06,1e-12,True,0.04886157811581903,4.302840638696996
14.666666666666666,1e-06,1e-12,False,0.048705429055760315,
14.666666666666666,1e-06,1e-08,True,0.04886084391127904,
14.666666666666666,1e-06,1e-08,False,0.048702327260304226,1.0468379542523065
14.666666666666666,1e-09,0.0,True,0.04886056963398138,1.0468383395092151
14.666666666666666,1e-09,0.0,False,0.04870541695746234,
14.666666666666666,1e-09,1e-12,True,0.04886056985142508,
14.666666666666666,1e-09,1e-12,False,0.04870541944428494,
14.666666666666666,1e-09,1e-08,True,0.04886058459980204,
14.666666666666666,1e-09,1e-08,False,0.0487054267008155,
15.0,1e-06,0.0,True,0.04886033683454975,
15.0,1e-06,0.0,False,0.048714530265181286,
15.0,1e-06,1e-12,True,0.04886017276113104,5.315540418285311
15.0,1e-06,1e-12,False,0.04871437683421215,
15.0,1e-06,1e-08,True,0.04886179680502778,4.678558123586786
15.0,1e-06,1e-08,False,0.04871453340675957,
15.0,1e-09,0.0,True,0.048860573123821506,
15.0,1e-09,0.0,False,0.04871413790986776,1.0468383394417569
15.0,1e-09,1e-12,True,0.048860569084244944,
15.0,1e-09,1e-12,False,0.04871414981201011,
15.0,1e-09,1e-08,True,0.04886057910153291,
15.0,1e-09,1e-08,False,0.04871414875377014,
15.333333333333332,1e-06,0.0,True,0.04886061636581191,
15.333333333333332,1e-06,0.0,False,0.04872186373794755,
15.333333333333332,1e-06,1e-12,True,0.04885906884613517,
15.333333333333332,1e-06,1e-12,False,0.04872250151057523,
15.333333333333332,1e-06,1e-08,True,0.048860331872464496,4.815051407954708
15.333333333333332,1e-06,1e-08,False,0.04872267879710566,
15.333333333333332,1e-09,0.0,True,0.0488605774700555,1.0468383394539547
15.333333333333332,1e-09,0.0,False,0.048722287359696435,
15.333333333333332,1e-09,1e-12,True,0.04886057468841718,
15.333333333333332,1e-09,1e-12,False,0.048722283987013046,
15.333333333333332,1e-09,1e-08,True,0.048860582719557503,
15.333333333333332,1e-09,1e-08,False,0.04872229252366903,
15.666666666666666,1e-06,0.0,True,0.048859901906453285,
15.666666666666666,1e-06,0.0,False,0.04872977459604571,
15.666666666666666,1e-06,1e-12,True,0.04886051286993184,
15.666666666666666,1e-06,1e-12,False,0.04873139725671407,
15.666666666666666,1e-06,1e-08,True,0.048860765605151374,6.705101363872277
15.666666666666666,1e-06,1e-08,False,0.04873027612807587,
15.666666666666666,1e-09,0.0,True,0.04886057592975976,
15.666666666666666,1e-09,0.0,False,0.04872992278542105,
15.666666666666666,1e-09,1e-12,True,0.04886057642023197,
15.666666666666666,1e-09,1e-12,False,0.048729922899306964,
15.666666666666666,1e-09,1e-08,True,0.04886058626334581,
15.666666666666666,1e-09,1e-08,False,0.048729937882199946,
16.0,1e-06,0.0,True,0.04886087940320518,4.3270005754670455
16.0,1e-06,0.0,False,0.04873728163933853,
16.0,1e-06,1e-12,True,0.04885884199833235,
16.0,1e-06,1e-12,False,0.04873620329215431,
16.0,1e-06,1e-08,True,0.048860395679624295,
16.0,1e-06,1e-08,False,0.04873755300343698,
16.0,1e-09,0.0,True,0.04886057766522903,
16.0,1e-09,0.0,False,0.04873709141312739,
16.0,1e-09,1e-12,True,0.04886057812257788,
16.0,1e-09,1e-12,False,0.048737089208970526,
16.0,1e-09,1e-08,True,0.04886058983851164,
16.0,1e-09,1e-08,False,0.04873710416423316,
16.333333333333332,1e-06,0.0,True,0.04885929826991266,
16.333333333333332,1e-06,0.0,False,0.048743882008342954,
16.333333333333332,1e-06,1e-12,True,0.048848360727750305,5.369148207980491
16.333333333333332,1e-06,1e-12,False,0.048744253908147135,
16.333333333333332,1e-06,1e-08,True,0.048860468337092434,
16.333333333333332,1e-06,1e-08,False,0.04874419938473038,1.0468382529468627
16.333333333333332,1e-09,0.0,True,0.04886058948038463,
16.333333333333332,1e-09,0.0,False,0.04874382789310698,
16.333333333333332,1e-09,1e-12,True,0.04886058212826668,
16.333333333333332,1e-09,1e-12,False,0.04874383029804446,
16.333333333333332,1e-09,1e-08,True,0.04886059043196474,
16.333333333333332,1e-09,1e-08,False,0.048743845048533255,
16.666666666666664,1e-06,0.0,True,0.04886220605932023,
16.666666666666664,1e-06,0.0,False,0.04875705983962295,
16.666666666666664,1e-06,1e-12,True,0.04886005314711314,
16.666666666666664,1e-06,1e-12,False,0.04875705897567976,
16.666666666666664,1e-06,1e-08,True,0.048862321396151896,
16.666666666666664,1e-06,1e-08,False,0.04875712926715457,
16.666666666666664,1e-09,0.0,True,0.04886058249749265,1.0468383400283112
16.666666666666664,1e-09,0.0,False,0.04875017259146873,1.0468383395955145
16.666666666666664,1e-09,1e-12,True,0.04886058029226012,
16.666666666666664,1e-09,1e-12,False,0.04875017269231213,
16.666666666666664,1e-09,1e-08,True,0.04886059571902637,
16.666666666666664,1e-09,1e-08,False,0.04875019464363442,
17.0,1e-06,0.0,True,0.04886228362159373,
17.0,1e-06,0.0,False,0.048756612235716715,
17.0,1e-06,1e-12,True,0.04886009963400098,
17.0,1e-06,1e-12,False,0.04875635769420814,
17.0,1e-06,1e-08,True,0.04886105449287316,
17.0,1e-06,1e-08,False,0.048755418044829246,
17.0,1e-09,0.0,True,0.04886058879365231,
17.0,1e-09,0.0,False,0.04875617688102681,
17.0,1e-09,1e-12,True,0.04886057738170054,
17.0,1e-09,1e-12,False,0.04875617898761953,
17.0,1e-09,1e-08,True,0.04886059588954535,
17.0,1e-09,1e-08,False,0.04875618720127111,
17.333333333333332,1e-06,0.0,True,0.048853867572011676,
17.333333333333332,1e-06,0.0,False,0.048761989463823395,
17.333333333333332,1e-06,1e-12,True,0.04885936585460761,
17.333333333333332,1e-06,1e-12,False,0.048767157040658274,
17.333333333333332,1e-06,1e-08,True,0.04885913457868257,6.803580550320993
17.333333333333332,1e-06,1e-08,False,0.04876233498021297,
17.333333333333332,1e-09,0.0,True,0.04886058067956112,
17.333333333333332,1e-09,0.0,False,0.048761842538802246,
17.333333333333332,1e-09,1e-12,True,0.0488605871458053,
17.333333333333332,1e-09,1e-12,False,0.04876184207602687,
17.333333333333332,1e-09,1e-08,True,0.04886059853311096,
17.333333333333332,1e-09,1e-08,False,0.04876185137522114,
17.666666666666664,1e-06,0.0,True,0.04886065917074121,5.6718497928339575
17.666666666666664,1e-06,0.0,False,0.04876667734643289,
17.666666666666664,1e-06,1e-12,True,0.04886104473840139,3.5112068136768197
17.666666666666664,1e-06,1e-12,False,0.04876680498911429,
17.666666666666664,1e-06,1e-08,True,0.048860391091972884,1.04683798366009
17.666666666666664,1e-06,1e-08,False,0.04876828349914183,
17.666666666666664,1e-09,0.0,True,0.04886058625571253,
17.666666666666664,1e-09,0.0,False,0.0487671719325157,
17.666666666666664,1e-09,1e-12,True,0.0488605900417161,
17.666666666666664,1e-09,1e-12,False,0.04876717237951665,
17.666666666666664,1e-09,1e-08,True,0.04886060044279939,
17.666666666666664,1e-09,1e-08,False,0.048767180301492206,
18.0,1e-06,0.0,True,0.04885965706684175,
18.0,1e-06,0.0,False,0.0487711043108507,
18.0,1e-06,1e-12,True,0.04885929726271192,
18.0,1e-06,1e-12,False,0.048772346296179755,
18.0,1e-06,1e-08,True,0.04886156007245073,1.0468409772934362
18.0,1e-06,1e-08,False,0.04877322540324086,
18.0,1e-09,0.0,True,0.048860593343970686,
18.0,1e-09,0.0,False,0.0487721765555379,
18.0,1e-09,1e-12,True,0.04886059149774438,
18.0,1e-09,1e-12,False,0.048772178663909586,
18.0,1e-09,1e-08,True,0.04886060720227353,
18.0,1e-09,1e-08,False,0.048772186580240705,
18.333333333333332,1e-06,0.0,True,0.048865153737521455,
18.333333333333332,1e-06,0.0,False,0.04877768778949297,
18.333333333333332,1e-06,1e-12,True,0.04886063938848181,
18.333333333333332,1e-06,1e-12,False,0.04878644609343023,1.0468312000757847
18.333333333333332,1e-06,1e-08,True,0.048861871419257095,
18.333333333333332,1e-06,1e-08,False,0.04878684420167552,
18.333333333333332,1e-09,0.0,True,0.048860593062888924,
18.333333333333332,1e-09,0.0,False,0.04877689083917343,
18.333333333333332,1e-09,1e-12,True,0.04886059283662427,
18.333333333333332,1e-09,1e-12,False,0.04877689672214443,
18.333333333333332,1e-09,1e-08,True,0.048860603501605634,
18.333333333333332,1e-09,1e-08,False,0.04877691050155642,
18.666666666666664,1e-06,0.0,True,0.04886081342620638,
18.666666666666664,1e-06,0.0,False,0.04878163837134859,
18.666666666666664,1e-06,1e-12,True,0.0488603554815627,
18.666666666666664,1e-06,1e-12,False,0.04878123710376999,
18.666666666666664,1e-06,1e-08,True,0.04885861528947554,
18.666666666666664,1e-06,1e-08,False,0.048779757307874205,
18.666666666666664,1e-09,0.0,True,0.04886059262268518,
18.666666666666664,1e-09,0.0,False,0.04878133902592136,
18.666666666666664,1e-09,1e-12,True,0.04886059438020043,
18.666666666666664,1e-09,1e-12,False,0.048781334812376634,
18.666666666666664,1e-09,1e-08,True,0.04886060427510514,
18.666666666666664,1e-09,1e-08,False,0.048781346961849846,
19.0,1e-06,0.0,True,0.048861325562322394,
19.0,1e-06,0.0,False,0.04878415387665975,
19.0,1e-06,1e-12,True,0.048861275201831915,
19.0,1e-06,1e-12,False,0.048785656520967356,
19.0,1e-06,1e-08,True,0.04886079391217795,
19.0,1e-06,1e-08,False,0.048784806311542854,
19.0,1e-09,0.0,True,0.048860596793875194,
19.0,1e-09,0.0,False,0.048785538630350685,
19.0,1e-09,1e-12,True,0.04886059391240262,
19.0,1e-09,1e-12,False,0.04878553696805729,
19.0,1e-09,1e-08,True,0.048860607083224934,
19.0,1e-09,1e-08,False,0.048785547313353925,
19.333333333333332,1e-06,0.0,True,0.04886473403138583,
19.333333333333332,1e-06,0.0,False,0.048788372271183336,
19.333333333333332,1e-06,1e-12,True,0.04886202085611916,
19.333333333333332,1e-06,1e-12,False,0.04878962565631147,
19.333333333333332,1e-06,1e-08,True,0.04885994073667703,1.0468384512297244
19.333333333333332,1e-06,1e-08,False,0.048788009848478406,
19.333333333333332,1e-09,0.0,True,0.04886059538712298,
19.333333333333332,1e-09,0.0,False,0.04878950608269215,
19.333333333333332,1e-09,1e-12,True,0.04886059469114998,
19.333333333333332,1e-09,1e-12,False,0.04878950978916921,
19.333333333333332,1e-09,1e-08,True,0.04886060831474244,
19.333333333333332,1e-09,1e-08,False,0.04878951910271386,
19.666666666666664,1e-06,0.0,True,0.048861502516184395,4.39272102905044
19.666666666666664,1e-06,0.0,False,0.0487938221712888,
19.666666666666664,1e-06,1e-12,True,0.04886084924460026,
19.666666666666664,1e-06,1e-12,False,0.04879282691714706,
19.666666666666664,1e-06,1e-08,True,0.04885864725395425,
19.666666666666664,1e-06,1e-08,False,0.04879360772782467,
19.666666666666664,1e-09,0.0,True,0.04886060286300168,
19.666666666666664,1e-09,0.0,False,0.04879326567132674,
19.666666666666664,1e-09,1e-12,True,0.04886060047660166,
19.666666666666664,1e-09,1e-12,False,0.04879327259011238,
19.666666666666664,1e-09,1e-08,True,0.04886060891353978,
19.666666666666664,1e-09,1e-08,False,0.048793282923050095,
20.0,1e-06,0.0,True,0.048860503662204804,1.0468404464308667
20.0,1e-06,0.0,False,0.04879682633589832,1.0468381677699488
20.0,1e-06,1e-12,True,0.04886059848796117,3.4710137365983655
20.0,1e-06,1e-12,False,0.048797876315989475,
20.0,1e-06,1e-08,True,0.048860183994969136,
20.0,1e-06,1e-08,False,0.048804448243323216,
20.0,1e-09,0.0,True,0.04886060043457917,
20.0,1e-09,0.0,False,0.04879684155580668,
20.0,1e-09,1e-12,True,0.04886060174599618,
20.0,1e-09,1e-12,False,0.04879684148723537,
20.0,1e-09,1e-08,True,0.04886060606168001,
20.0,1e-09,1e-08,False,0.04879685411115539,
20.333333333333332,1e-06,0.0,True,0.04886053688792623,1.046835268549746
20.333333333333332,1e-06,0.0,False,0.04880880702563191,
20.333333333333332,1e-06,1e-12,True,0.048860020965416716,
20.333333333333332,1e-06,1e-12,False,0.048807738682043966,
20.333333333333332,1e-06,1e-08,True,0.04885949298226676,5.1095541365915755
20.333333333333332,1e-06,1e-08,False,0.04880672847837114,1.0468355586898517
20.333333333333332,1e-09,0.0,True,0.04886060303602274,
20.333333333333332,1e-09,0.0,False,0.048800236700450327,
20.333333333333332,1e-09,1e-12,True,0.04886060803270721,
20.333333333333332,1e-09,1e-12,False,0.0488002361659751,
20.333333333333332,1e-09,1e-08,True,0.04886061239900787,
20.333333333333332,1e-09,1e-08,False,0.04880024627047576,
20.666666666666664,1e-06,0.0,True,0.04885938061242366,3.7644286876851965
20.666666666666664,1e-06,0.0,False,0.04880205657659787,
20.666666666666664,1e-06,1e-12,True,0.04885956217038246,
20.666666666666664,1e-06,1e-12,False,0.0488030938466015,
20.666666666666664,1e-06,1e-08,True,0.04886136804268023,
20.666666666666664,1e-06,1e-08,False,0.04880192840061179,
20.666666666666664,1e-09,0.0,True,0.048860604202394894,
20.666666666666664,1e-09,0.0,False,0.04880346319471782,1.0468383395024943
20.666666666666664,1e-09,1e-12,True,0.04886060372570809,
20.666666666666664,1e-09,1e-12,False,0.048803463258696174,
20.666666666666664,1e-09,1e-08,True,0.04886061315250457,
20.666666666666664,1e-09,1e-08,False,0.048803472808546224,1.0468383395292726
21.0,1e-06,0.0,True,0.04886178428576237,4.3203508816362195
21.0,1e-06,0.0,False,0.048805882154731334,1.0468383329208388
21.0,1e-06,1e-12,True,0.04886072885568338,
21.0,1e-06,1e-12,False,0.04880603125255451,
21.0,1e-06,1e-08,True,0.04886096849873953,1.0468381549609982
21.0,1e-06,1e-08,False,0.0488076174980942,
21.0,1e-09,0.0,True,0.048860603082101696,
21.0,1e-09,0.0,False,0.048806532680015245,
21.0,1e-09,1e-12,True,0.04886060561347916,
21.0,1e-09,1e-12,False,0.0488065365842422,
21.0,1e-09,1e-08,True,0.04886061368033566,
21.0,1e-09,1e-08,False,0.04880654804805404,
21.333333333333332,1e-06,0.0,True,0.04886089617823797,
21.333333333333332,1e-06,0.0,False,0.048808691230383734,
21.333333333333332,1e-06,1e-12,True,0.04886071660749121,3.868501967552529
21.333333333333332,1e-06,1e-12,False,0.04880935475495048,
21.333333333333332,1e-06,1e-08,True,0.04886033241832177,
21.333333333333332,1e-06,1e-08,False,0.048808221202392255,
21.333333333333332,1e-09,0.0,True,0.04886060180748643,
21.333333333333332,1e-09,0.0,False,0.048809468516836325,
21.333333333333332,1e-09,1e-12,True,0.048862401550476976,1.0468373090936491
21.333333333333332,1e-09,1e-12,False,0.048809466445514205,
21.333333333333332,1e-09,1e-08,True,0.04886061674192228,
21.333333333333332,1e-09,1e-08,False,0.0488094781248268,
21.666666666666664,1e-06,0.0,True,0.04886227808243588,
21.666666666666664,1e-06,0.0,False,0.04881277445479478,
21.666666666666664,1e-06,1e-12,True,0.04886205098125359,
21.666666666666664,1e-06,1e-12,False,0.048812195537272306,1.0468389366262827
21.666666666666664,1e-06,1e-08,True,0.048860077975516836,
21.666666666666664,1e-06,1e-08,False,0.048812590484343,
21.666666666666664,1e-09,0.0,True,0.048860605826209644,
21.666666666666664,1e-09,0.0,False,0.04881226471297133,
21.666666666666664,1e-09,1e-12,True,0.048860607206623254,
21.666666666666664,1e-09,1e-12,False,0.04881226686805837,
21.666666666666664,1e-09,1e-08,True,0.048860616499822984,1.0468383396188565
21.666666666666664,1e-09,1e-08,False,0.048812274303504,
22.0,1e-06,0.0,True,0.04886068465182969,
22.0,1e-06,0.0,False,0.04881522632411061,
22.0,1e-06,1e-12,True,0.048860381858184414,1.04683840241328
22.0,1e-06,1e-12,False,0.04881433114526774,1.0468382764923787
22.0,1e-06,1e-08,True,0.04886001361846774,
22.0,1e-06,1e-08,False,0.048815964386368524,
22.0,1e-09,0.0,True,0.04886060928742435,
22.0,1e-09,0.0,False,0.04881493738892644,
22.0,1e-09,1e-12,True,0.048860608565200074,1.0468383395099294
22.0,1e-09,1e-12,False,0.04881493786334629,
22.0,1e-09,1e-08,True,0.048860619193207534,
22.0,1e-09,1e-08,False,0.04881494868709156,
22.333333333333332,1e-06,0.0,True,0.04886108825941869,
22.333333333333332,1e-06,0.0,False,0.04882207994069649,
22.333333333333332,1e-06,1e-12,True,0.04886075108946416,
22.333333333333332,1e-06,1e-12,False,0.0488175187953708,
22.333333333333332,1e-06,1e-08,True,0.04886120433464874,7.075338461338095
22.333333333333332,1e-06,1e-08,False,0.04881663973873259,
22.333333333333332,1e-09,0.0,True,0.048860608859113766,
22.333333333333332,1e-09,0.0,False,0.04881749497717717,
22.333333333333332,1e-09,1e-12,True,0.04886061165690538,
22.333333333333332,1e-09,1e-12,False,0.0488174954608129,
22.333333333333332,1e-09,1e-08,True,0.048860619967505466,
22.333333333333332,1e-09,1e-08,False,0.048817505437103725,1.046838339515982
22.666666666666664,1e-06,0.0,True,0.048859069735816815,
22.666666666666664,1e-06,0.0,False,0.04881999320580409,1.0468385368719377
22.666666666666664,1e-06,1e-12,True,0.04886629539228577,
22.666666666666664,1e-06,1e-12,False,0.04882021397054539,1.0468358452381537
22.666666666666664,1e-06,1e-08,True,0.048860292203035845,
22.666666666666664,1e-06,1e-08,False,0.04882010567223436,
22.666666666666664,1e-09,0.0,True,0.04886061182603911,
22.666666666666664,1e-09,0.0,False,0.048819942416315106,1.0468383393479355
22.666666666666664,1e-09,1e-12,True,0.048860610153607306,
22.666666666666664,1e-09,1e-12,False,0.048819943047271705,
22.666666666666664,1e-09,1e-08,True,0.04886061986692057,
22.666666666666664,1e-09,1e-08,False,0.048819954488606626,
23.0,1e-06,0.0,True,0.048860587576920626,1.046838261914185
23.0,1e-06,0.0,False,0.048822490664906605,
23.0,1e-06,1e-12,True,0.04886065180094014,1.04683975714617
23.0,1e-06,1e-12,False,0.04882234802246383,
23.0,1e-06,1e-08,True,0.04886007998577684,
23.0,1e-06,1e-08,False,0.048822214747306775,
23.0,1e-09,0.0,True,0.048860611477637254,
23.0,1e-09,0.0,False,0.04882228877384958,
23.0,1e-09,1e-12,True,0.04886061166333233,
23.0,1e-09,1e-12,False,0.04882228890562759,
23.0,1e-09,1e-08,True,0.048860622009617063,
23.0,1e-09,1e-08,False,0.04882229973931507,1.0468383395222496
23.333333333333332,1e-06,0.0,True,0.04885972125558076,
23.333333333333332,1e-06,0.0,False,0.04882464130889702,
23.333333333333332,1e-06,1e-12,True,0.048860600390242294,
23.333333333333332,1e-06,1e-12,False,0.04882458328819441,1.0468371347091658
23.333333333333332,1e-06,1e-08,True,0.048859367646174254,
23.333333333333332,1e-06,1e-08,False,0.04882463875879658,
23.333333333333332,1e-09,0.0,True,0.048860612846712094,
23.333333333333332,1e-09,0.0,False,0.04882453935708658,
23.333333333333332,1e-09,1e-12,True,0.0488606208553364,
23.333333333333332,1e-09,1e-12,False,0.04882453974660916,1.0468383394922527
23.333333333333332,1e-09,1e-08,True,0.04886062340172718,1.0468383392942182
23.333333333333332,1e-09,1e-08,False,0.04882455005739994,
23.666666666666664,1e-06,0.0,True,0.04886061603106035,
23.666666666666664,1e-06,0.0,False,0.048827205283202973,
23.666666666666664,1e-06,1e-12,True,0.04886047620153165,
23.666666666666664,1e-06,1e-12,False,0.04882685864061475,
23.666666666666664,1e-06,1e-08,True,0.048859110067410276,
23.666666666666664,1e-06,1e-08,False,0.04882705860576017,
23.666666666666664,1e-09,0.0,True,0.04886061179879016,
23.666666666666664,1e-09,0.0,False,0.048826699806235545,
23.666666666666664,1e-09,1e-12,True,0.0488606180845839,
23.666666666666664,1e-09,1e-12,False,0.0488266994626687,1.0468383394008147
23.666666666666664,1e-09,1e-08,True,0.048860623270190404,
23.666666666666664,1e-09,1e-08,False,0.04882670966279307,
24.0,1e-06,0.0,True,0.0488603354987473,
24.0,1e-06,0.0,False,0.048828748709640934,1.0468383211099737
24.0,1e-06,1e-12,True,0.04886240028092847,
24.0,1e-06,1e-12,False,0.048827960731452756,
24.0,1e-06,1e-08,True,0.04886078142839975,
24.0,1e-06,1e-08,False,0.04882864732516248,
24.0,1e-09,0.0,True,0.04886061464057368,
24.0,1e-09,0.0,False,0.048828776083186205,
24.0,1e-09,1e-12,True,0.04886061348728842,
24.0,1e-09,1e-12,False,0.04882877498063479,
24.0,1e-09,1e-08,True,0.048860614621478664,
24.0,1e-09,1e-08,False,0.04882878664077632,
24.333333333333332,1e-06,0.0,True,0.0488605188853604,
24.333333333333332,1e-06,0.0,False,0.04883106796983995,
24.333333333333332,1e-06,1e-12,True,0.048862829888135804,3.7513246857745823
24.333333333333332,1e-06,1e-12,False,0.04883109191554391,
24.333333333333332,1e-06,1e-08,True,0.04886026577231469,1.0468362572830272
24.333333333333332,1e-06,1e-08,False,0.048831186750057036,
24.333333333333332,1e-09,0.0,True,0.04886061581082535,
24.333333333333332,1e-09,0.0,False,0.04883077052918701,
24.333333333333332,1e-09,1e-12,True,0.048860615481896366,
24.333333333333332,1e-09,1e-12,False,0.04883077118666533,
24.333333333333332,1e-09,1e-08,True,0.048860625962160745,
24.333333333333332,1e-09,1e-08,False,0.048830781670668504,
24.666666666666664,1e-06,0.0,True,0.048863916920503535,
24.666666666666664,1e-06,0.0,False,0.048832703913068036,
24.666666666666664,1e-06,1e-12,True,0.04886071784901491,
24.666666666666664,1e-06,1e-12,False,0.048825280277155825,
24.666666666666664,1e-06,1e-08,True,0.04886241755895064,
24.666666666666664,1e-06,1e-08,False,0.04883304247602518,
24.666666666666664,1e-09,0.0,True,0.04886061340431093,
24.666666666666664,1e-09,0.0,False,0.048832691602399045,
24.666666666666664,1e-09,1e-12,True,0.048860603539852804,
24.666666666666664,1e-09,1e-12,False,0.048832688781471394,
24.666666666666664,1e-09,1e-08,True,0.04886062880320146,
24.666666666666664,1e-09,1e-08,False,0.0488327040980041,
25.0,1e-06,0.0,True,0.04886030840292917,
25.0,1e-06,0.0,False,0.04883078887686532,
25.0,1e-06,1e-12,True,0.04886063282335943,
25.0,1e-06,1e-12,False,0.04883429785935151,
25.0,1e-06,1e-08,True,0.0488606289804005,4.585595756649379
25.0,1e-06,1e-08,False,0.048835842998067404,
25.0,1e-09,0.0,True,0.04886061660243143,
25.0,1e-09,0.0,False,0.04883454015173771,1.046838339509112
25.0,1e-09,1e-12,True,0.04886061716615618,
25.0,1e-09,1e-12,False,0.04883454052643539,
25.0,1e-09,1e-08,True,0.04886063233681311,
25.0,1e-09,1e-08,False,0.04883455014329098,
25.333333333333332,1e-06,0.0,True,0.04886025938947595,
25.333333333333332,1e-06,0.0,False,0.04883323009884086,
25.333333333333332,1e-06,1e-12,True,0.04886245824815631,
25.333333333333332,1e-06,1e-12,False,0.04884061581391859,18.545672171833505
25.333333333333332,1e-06,1e-08,True,0.048860827182352934,
25.333333333333332,1e-06,1e-08,False,0.048836372528178365,
25.333333333333332,1e-09,0.0,True,0.04886061997062581,
25.333333333333332,1e-09,0.0,False,0.04883632208898752,
25.333333333333332,1e-09,1e-12,True,0.04886061752856223,
25.333333333333332,1e-09,1e-12,False,0.04883632200433615,
25.333333333333332,1e-09,1e-08,True,0.04886062804388323,
25.333333333333332,1e-09,1e-08,False,0.04883633284286819,
25.666666666666664,1e-06,0.0,True,0.04886139145933874,1.0468365470463878
25.666666666666664,1e-06,0.0,False,0.04883291000879004,
25.666666666666664,1e-06,1e-12,True,0.04885982305326999,1.0468312757193021
25.666666666666664,1e-06,1e-12,False,0.04883291181887066,
25.666666666666664,1e-06,1e-08,True,0.0488609781374212,
25.666666666666664,1e-06,1e-08,False,0.048826566236399895,1.0468378087612633
25.666666666666664,1e-09,0.0,True,0.04886061799081031,
25.666666666666664,1e-09,0.0,False,0.048838040652327754,
25.666666666666664,1e-09,1e-12,True,0.04886061848277435,
25.666666666666664,1e-09,1e-12,False,0.048838040555062565,
25.666666666666664,1e-09,1e-08,True,0.04886063291213813,
25.666666666666664,1e-09,1e-08,False,0.04883805159695538,
26.0,1e-06,0.0,True,0.04886150113865421,
26.0,1e-06,0.0,False,0.04883913012541203,1.0468383414494948
26.0,1e-06,1e-12,True,0.048860135188962435,
26.0,1e-06,1e-12,False,0.048839665968269705,
26.0,1e-06,1e-08,True,0.048865390557400155,
26.0,1e-06,1e-08,False,0.04883974276029195,
26.0,1e-09,0.0,True,0.048860621940024135,
26.0,1e-09,0.0,False,0.048839699066010475,
26.0,1e-09,1e-12,True,0.048860618328314884,
26.0,1e-09,1e-12,False,0.048839698591806285,
26.0,1e-09,1e-08,True,0.048860624379295226,
26.0,1e-09,1e-08,False,0.04883970917086609,
26.333333333333332,1e-06,0.0,True,0.04886014048847234,3.77474370389987
26.333333333333332,1e-06,0.0,False,0.048841083964704386,
26.333333333333332,1e-06,1e-12,True,0.04886008691808918,1.0468294811696344
26.333333333333332,1e-06,1e-12,False,0.04884182547814376,1.0468383240199728
26.333333333333332,1e-06,1e-08,True,0.048860128795418754,
26.333333333333332,1e-06,1e-08,False,0.04885108645755937,
26.333333333333332,1e-09,0.0,True,0.048860619676119675,
26.333333333333332,1e-09,0.0,False,0.04884130133565207,
26.333333333333332,1e-09,1e-12,True,0.04886061955877598,
26.333333333333332,1e-09,1e-12,False,0.04884130049957487,
26.333333333333332,1e-09,1e-08,True,0.04886062988159737,
26.333333333333332,1e-09,1e-08,False,0.04884130934863493,
26.666666666666664,1e-06,0.0,True,0.04886225142345719,
26.666666666666664,1e-06,0.0,False,0.04884300267472432,
26.666666666666664,1e-06,1e-12,True,0.048861667876322096,
26.666666666666664,1e-06,1e-12,False,0.04884324461755704,
26.666666666666664,1e-06,1e-08,True,0.048861572130459885,1.0468383965443093
26.666666666666664,1e-06,1e-08,False,0.04884332312584209,
26.666666666666664,1e-09,0.0,True,0.04886062059945655,
26.666666666666664,1e-09,0.0,False,0.04884284600820875,1.0468383395347396
26.666666666666664,1e-09,1e-12,True,0.048860620628159185,
26.666666666666664,1e-09,1e-12,False,0.0488428458464305,
26.666666666666664,1e-09,1e-08,True,0.048860632067590684,
26.666666666666664,1e-09,1e-08,False,0.04884285673958869,
27.0,1e-06,0.0,True,0.04886070222172379,1.0468361018687855
27.0,1e-06,0.0,False,0.04884280006804947,
27.0,1e-06,1e-12,True,0.048857456526505604,
27.0,1e-06,1e-12,False,0.048843754932885265,
27.0,1e-06,1e-08,True,0.048860519657256046,
27.0,1e-06,1e-08,False,0.04884444310633612,
27.0,1e-09,0.0,True,0.048860620321395556,
27.0,1e-09,0.0,False,0.04884433943404267,
27.0,1e-09,1e-12,True,0.04886062028043906,
27.0,1e-09,1e-12,False,0.04884434095792247,
27.0,1e-09,1e-08,True,0.048860631770554795,
27.0,1e-09,1e-08,False,0.04884435109522526,
27.333333333333332,1e-06,0.0,True,0.04886214135569692,
27.333333333333332,1e-06,0.0,False,0.04884608526410825,
27.333333333333332,1e-06,1e-12,True,0.048859264288935646,3.963953604004748
27.333333333333332,1e-06,1e-12,False,0.048845430865509694,
27.333333333333332,1e-06,1e-08,True,0.04885923686429084,1.0468338553424488
27.333333333333332,1e-06,1e-08,False,0.04884596330577196,
27.333333333333332,1e-09,0.0,True,0.048860622028567474,
27.333333333333332,1e-09,0.0,False,0.04884578674999108,
27.333333333333332,1e-09,1e-12,True,0.04886062081109764,
27.333333333333332,1e-09,1e-12,False,0.04884578662904499,
27.333333333333332,1e-09,1e-08,True,0.04886062608767153,
27.333333333333332,1e-09,1e-08,False,0.048845796999901714,
27.666666666666664,1e-06,0.0,True,0.048860355807771406,1.0468380116659564
27.666666666666664,1e-06,0.0,False,0.04884999306194773,
27.666666666666664,1e-06,1e-12,True,0.04886004541882702,
27.666666666666664,1e-06,1e-12,False,0.04884697558255288,
27.666666666666664,1e-06,1e-08,True,0.048856749089514984,3.8715777230908275
27.666666666666664,1e-06,1e-08,False,0.048847059939126324,
27.666666666666664,1e-09,0.0,True,0.04886062253417283,
27.666666666666664,1e-09,0.0,False,0.04884718478501208,
27.666666666666664,1e-09,1e-12,True,0.04886062416982392,
27.666666666666664,1e-09,1e-12,False,0.04884718581638436,
27.666666666666664,1e-09,1e-08,True,0.04886063342944532,
27.666666666666664,1e-09,1e-08,False,0.048847197043447095,
28.0,1e-06,0.0,True,0.04886096764636109,
28.0,1e-06,0.0,False,0.04884880649712802,
28.0,1e-06,1e-12,True,0.04886091771261072,
28.0,1e-06,1e-12,False,0.04884872344108877,1.0468389723051097
28.0,1e-06,1e-08,True,0.04885864930324922,1.0468367349053973
28.0,1e-06,1e-08,False,0.048848258017425886,
28.0,1e-09,0.0,True,0.04886062384075482,
28.0,1e-09,0.0,False,0.04884853997522003,
28.0,1e-09,1e-12,True,0.04886062349008885,
28.0,1e-09,1e-12,False,0.048848540186429576,
28.0,1e-09,1e-08,True,0.04886063491611088,
28.0,1e-09,1e-08,False,0.04884855195562537,
28.333333333333332,1e-06,0.0,True,0.04886305908822906,1.046833023652763
28.333333333333332,1e-06,0.0,False,0.0488498851206259,
28.333333333333332,1e-06,1e-12,True,0.048860499049764645,4.517333099935942
28.333333333333332,1e-06,1e-12,False,0.04885011413956183,
28.333333333333332,1e-06,1e-08,True,0.04885967892582788,1.046838223763591
28.333333333333332,1e-06,1e-08,False,0.04884912087868739,
28.333333333333332,1e-09,0.0,True,0.04886062469206035,
28.333333333333332,1e-09,0.0,False,0.04884985275404287,
28.333333333333332,1e-09,1e-12,True,0.048860624528870175,
28.333333333333332,1e-09,1e-12,False,0.048849853063046025,
28.333333333333332,1e-09,1e-08,True,0.04886063408704683,1.0468383395444774
28.333333333333332,1e-09,1e-08,False,0.04884986354953703,
28.666666666666664,1e-06,0.0,True,0.04886045515158121,
28.666666666666664,1e-06,0.0,False,0.048851439287481195,
28.666666666666664,1e-06,1e-12,True,0.04886152998508832,
28.666666666666664,1e-06,1e-12,False,0.04885237302404243,
28.666666666666664,1e-06,1e-08,True,0.04886034260734049,
28.666666666666664,1e-06,1e-08,False,0.04885217942462468,
28.666666666666664,1e-09,0.0,True,0.04886062504212576,
28.666666666666664,1e-09,0.0,False,0.04885112465956716,1.0468383393338458
28.666666666666664,1e-09,1e-12,True,0.04886062369580046,
28.666666666666664,1e-09,1e-12,False,0.04885112505648553,
28.666666666666664,1e-09,1e-08,True,0.04886063810756681,
28.666666666666664,1e-09,1e-08,False,0.04885113521152246,
29.0,1e-06,0.0,True,0.04886140614572107,
29.0,1e-06,0.0,False,0.04885218165469509,1.0468377563475568
29.0,1e-06,1e-12,True,0.048862947105982955,
29.0,1e-06,1e-12,False,0.048852735935434925,1.046837164576216
29.0,1e-06,1e-08,True,0.04886183021866974,
29.0,1e-06,1e-08,False,0.04885226040746453,
29.0,1e-09,0.0,True,0.048860624267381386,
29.0,1e-09,0.0,False,0.04885235800346344,
29.0,1e-09,1e-12,True,0.04886062484088778,
29.0,1e-09,1e-12,False,0.04885235820220436,
29.0,1e-09,1e-08,True,0.04886063640178128,
29.0,1e-09,1e-08,False,0.04885236841832425,
29.333333333333332,1e-06,0.0,True,0.0488589043217989,
29.333333333333332,1e-06,0.0,False,0.04885379424650863,
29.333333333333332,1e-06,1e-12,True,0.04886002111487173,
29.333333333333332,1e-06,1e-12,False,0.04885384509067966,
29.333333333333332,1e-06,1e-08,True,0.04886105935570015,
29.333333333333332,1e-06,1e-08,False,0.048853795467089206,1.046838737409422
29.333333333333332,1e-09,0.0,True,0.048860624177216365,
29.333333333333332,1e-09,0.0,False,0.04885355848591891,
29.333333333333332,1e-09,1e-12,True,0.04886062727116437,
29.333333333333332,1e-09,1e-12,False,0.04885355462618296,
29.333333333333332,1e-09,1e-08,True,0.04886063494058763,
29.333333333333332,1e-09,1e-08,False,0.04885356553810703,
29.666666666666664,1e-06,0.0,True,0.04886121167533732,
29.666666666666664,1e-06,0.0,False,0.04885472295393817,
29.666666666666664,1e-06,1e-12,True,0.04886073895469426,
29.666666666666664,1e-06,1e-12,False,0.04885494957617148,
29.666666666666664,1e-06,1e-08,True,0.04886191695932459,
29.666666666666664,1e-06,1e-08,False,0.04885446817807035,
29.666666666666664,1e-09,0.0,True,0.04886062630494606,
29.666666666666664,1e-09,0.0,False,0.048854715874831256,
29.666666666666664,1e-09,1e-12,True,0.04886062660558147,
29.666666666666664,1e-09,1e-12,False,0.04885471586386061,
29.666666666666664,1e-09,1e-08,True,0.04886063616410996,
29.666666666666664,1e-09,1e-08,False,0.04885472679864613,
30.0,1e-06,0.0,True,0.048860823019227506,
30.0,1e-06,0.0,False,0.04885554727580205,
30.0,1e-06,1e-12,True,0.048861560296438566,
30.0,1e-06,1e-12,False,0.04885573642663567,
30.0,1e-06,1e-08,True,0.048861219961936576,
30.0,1e-06,1e-08,False,0.04885571342079004,
30.0,1e-09,0.0,True,0.0488606270699825,
30.0,1e-09,0.0,False,0.04885584326829909,
30.0,1e-09,1e-12,True,0.048860627524972326,
30.0,1e-09,1e-12,False,0.04885584376281422,
30.0,1e-09,1e-08,True,0.04886063815322405,
30.0,1e-09,1e-08,False,0.048855854409020065,
