mse_penalty,tol,breakpoint_reg,t_squared_objective,z_squared_objective,lower_bound,upper_bound
0.0,1e-06,0.0,True,True,0.0507906638330503,223.98009801462624
0.0,1e-06,0.0,True,False,0.0007013008402652,1.0482718412683418
0.0,1e-06,0.0,False,True,0.0488614350464063,1.046838339525361
0.0,1e-06,0.0,False,False,0.0,1.0482718412683418
0.0,1e-06,1e-12,True,True,0.0507906727399581,223.97990830682295
0.0,1e-06,1e-12,True,False,0.0007012386083703,1.0482718412683418
0.0,1e-06,1e-12,False,True,0.0488614366978739,1.0468383395253618
0.0,1e-06,1e-12,False,False,0.0,1.0482718412683418
0.0,1e-06,1e-08,True,True,0.0507902710237156,223.9892279809394
0.0,1e-06,1e-08,True,False,0.0007011516731569,1.0482718412683418
0.0,1e-06,1e-08,False,True,0.0488614368984974,1.0468383395253615
0.0,1e-06,1e-08,False,False,0.0,1.0482718412683418
0.0,1e-09,0.0,True,True,0.046465591835702,3.420969093860504
0.0,1e-09,0.0,True,False,0.0,1.0482718412683418
0.0,1e-09,0.0,False,True,0.0488606863595527,
0.0,1e-09,0.0,False,False,0.0,1.0482718412683418
0.0,1e-09,1e-12,True,True,0.0464654412142639,3.4047806919179417
0.0,1e-09,1e-12,True,False,0.0,1.0482718412683418
0.0,1e-09,1e-12,False,True,0.0488606870750969,1.0468383383462914
0.0,1e-09,1e-12,False,False,0.0,1.0482718412683418
0.0,1e-09,1e-08,True,True,0.0464651317913731,3.404796806853923
0.0,1e-09,1e-08,True,False,0.0,1.0482718412683418
0.0,1e-09,1e-08,False,True,0.0488606899132514,
0.0,1e-09,1e-08,False,False,0.0,1.0482718412683418
0.3333333333333333,1e-06,0.0,True,True,0.0488656448062917,1.1417960244239844
0.3333333333333333,1e-06,0.0,True,False,0.0456559656309234,
0.3333333333333333,1e-06,0.0,False,True,0.0488770109787003,
0.3333333333333333,1e-06,0.0,False,False,0.0062509632255447,114.95949494125487
0.3333333333333333,1e-06,1e-12,True,True,0.0488656448745694,1.1417892371142755
0.3333333333333333,1e-06,1e-12,True,False,0.0456559644404161,
0.3333333333333333,1e-06,1e-12,False,True,0.0488770111500383,
0.3333333333333333,1e-06,1e-12,False,False,0.006250963299366,136.56905821068966
0.3333333333333333,1e-06,1e-08,True,True,0.0488656421323982,1.141785245790546
0.3333333333333333,1e-06,1e-08,True,False,0.0456559662410158,1.924088949010166
0.3333333333333333,1e-06,1e-08,False,True,0.0488770141998424,
0.3333333333333333,1e-06,1e-08,False,False,0.006250963559572,136.57027278859343
0.3333333333333333,1e-09,0.0,True,True,0.0488606892673739,
0.3333333333333333,1e-09,0.0,True,False,0.0456542188271619,
0.3333333333333333,1e-09,0.0,False,True,0.0488606689564031,
0.3333333333333333,1e-09,0.0,False,False,0.0062509803716368,
0.3333333333333333,1e-09,1e-12,True,True,0.048860689208238,
0.3333333333333333,1e-09,1e-12,True,False,0.0456542314960651,
0.3333333333333333,1e-09,1e-12,False,True,0.0488606690515308,
0.3333333333333333,1e-09,1e-12,False,False,0.0062509804447419,
0.3333333333333333,1e-09,1e-08,True,True,0.0488606973862438,
0.3333333333333333,1e-09,1e-08,True,False,0.0456542335309186,
0.3333333333333333,1e-09,1e-08,False,True,0.0488606723566631,
0.3333333333333333,1e-09,1e-08,False,False,0.0062509807056504,
0.6666666666666666,1e-06,0.0,True,True,0.0488647900566548,2.029460866250674
0.6666666666666666,1e-06,0.0,True,False,0.0480511140485477,
0.6666666666666666,1e-06,0.0,False,True,0.0488518788655404,
0.6666666666666666,1e-06,0.0,False,False,0.0124247377919748,53.14439226582852
0.6666666666666666,1e-06,1e-12,True,True,0.0488647868050321,2.029490334838905
0.6666666666666666,1e-06,1e-12,True,False,0.0480511140345829,1.5199408368641545
0.6666666666666666,1e-06,1e-12,False,True,0.0488518804615767,
0.6666666666666666,1e-06,1e-12,False,False,0.0124247378166407,53.14440170178192
0.6666666666666666,1e-06,1e-08,True,True,0.0488647879793173,2.0294808546699064
0.6666666666666666,1e-06,1e-08,True,False,0.0480511170889896,
0.6666666666666666,1e-06,1e-08,False,True,0.0488518815990714,
0.6666666666666666,1e-06,1e-08,False,False,0.0124247381603548,53.14420964123551
0.6666666666666666,1e-09,0.0,True,True,0.0488606939870748,
0.6666666666666666,1e-09,0.0,True,False,0.0480519423219393,
0.6666666666666666,1e-09,0.0,False,True,0.048860673485699,
0.6666666666666666,1e-09,0.0,False,False,0.0124250891875307,
0.6666666666666666,1e-09,1e-12,True,True,0.0488606867117643,
0.6666666666666666,1e-09,1e-12,True,False,0.0480519422598984,
0.6666666666666666,1e-09,1e-12,False,True,0.0488606725096922,
0.6666666666666666,1e-09,1e-12,False,False,0.0124250892127575,
0.6666666666666666,1e-09,1e-08,True,True,0.0488606881528972,
0.6666666666666666,1e-09,1e-08,True,False,0.0480519454509531,
0.6666666666666666,1e-09,1e-08,False,True,0.0488606763021903,1.0468383393850869
0.6666666666666666,1e-09,1e-08,False,False,0.0124250895550924,
1.0,1e-06,0.0,True,True,0.0488635865837488,
1.0,1e-06,0.0,True,False,0.048495267386703,1.1124454548658964
1.0,1e-06,0.0,False,True,0.0488503732486816,
1.0,1e-06,0.0,False,False,0.018451444948852,
1.0,1e-06,1e-12,True,True,0.0488635852943813,1.0468500017126257
1.0,1e-06,1e-12,True,False,0.0484952685577259,1.1124454548746907
1.0,1e-06,1e-12,False,True,0.0488503746487067,
1.0,1e-06,1e-12,False,False,0.0184514449595213,2.2145698424793343
1.0,1e-06,1e-08,True,True,0.0488635891503291,
1.0,1e-06,1e-08,True,False,0.0484952704948926,1.1124455421608026
1.0,1e-06,1e-08,False,True,0.048850377754637,
1.0,1e-06,1e-08,False,False,0.0184514454963687,2.214569842474221
1.0,1e-09,0.0,True,True,0.0488606653949059,
1.0,1e-09,0.0,True,False,0.0485090702281768,
1.0,1e-09,0.0,False,True,0.0488606691867219,1.046838339532664
1.0,1e-09,0.0,False,False,0.0184515571916883,
1.0,1e-09,1e-12,True,True,0.048860663957276,
1.0,1e-09,1e-12,True,False,0.0485090686446987,
1.0,1e-09,1e-12,False,True,0.0488606901449701,
1.0,1e-09,1e-12,False,False,0.0184515572039208,
1.0,1e-09,1e-08,True,True,0.0488606680049651,
1.0,1e-09,1e-08,True,False,0.048509073403327,
1.0,1e-09,1e-08,False,True,0.0488606715587015,1.046838339531291
1.0,1e-09,1e-08,False,False,0.0184515577403161,
1.3333333333333333,1e-06,0.0,True,True,0.0488502867132991,1.046844907514522
1.3333333333333333,1e-06,0.0,True,False,0.0486933846063373,1.0468392277356593
1.3333333333333333,1e-06,0.0,False,True,0.0488520308738311,
1.3333333333333333,1e-06,0.0,False,False,0.0242706704853562,2.214578720839902
1.3333333333333333,1e-06,1e-12,True,True,0.0488502861787991,1.0468449075174795
1.3333333333333333,1e-06,1e-12,True,False,0.0486933842805543,1.0468392277386918
1.3333333333333333,1e-06,1e-12,False,True,0.0488520303047836,
1.3333333333333333,1e-06,1e-12,False,False,0.0242706704392719,
1.3333333333333333,1e-06,1e-08,True,True,0.048850290663807,1.0468449075207813
1.3333333333333333,1e-06,1e-08,True,False,0.0486933872444097,1.0468392280250545
1.3333333333333333,1e-06,1e-08,False,True,0.0488520322808787,
1.3333333333333333,1e-06,1e-08,False,False,0.0242706711960931,2.2145787208331784
1.3333333333333333,1e-09,0.0,True,True,0.0488606757526147,
1.3333333333333333,1e-09,0.0,True,False,0.048681019316859,
1.3333333333333333,1e-09,0.0,False,True,0.0488606723715686,
1.3333333333333333,1e-09,0.0,False,False,0.0242706060343911,
1.3333333333333333,1e-09,1e-12,True,True,0.048860675320088,
1.3333333333333333,1e-09,1e-12,True,False,0.0486810189982047,
1.3333333333333333,1e-09,1e-12,False,True,0.0488606717411147,
1.3333333333333333,1e-09,1e-12,False,False,0.024270605990881,
1.3333333333333333,1e-09,1e-08,True,True,0.0488606798328184,
1.3333333333333333,1e-09,1e-08,True,False,0.0486810222646775,
1.3333333333333333,1e-09,1e-08,False,True,0.0488606758360151,1.0468383393657952
1.3333333333333333,1e-09,1e-08,False,False,0.02427060674421,
1.6666666666666663,1e-06,0.0,True,True,0.0488514941528146,1.0468359822741418
1.6666666666666663,1e-06,0.0,True,False,0.0487578086712153,
1.6666666666666663,1e-06,0.0,False,True,0.0488781108154072,25.75822486800637
1.6666666666666663,1e-06,0.0,False,False,0.0298366482596052,2.214568594962414
1.6666666666666663,1e-06,1e-12,True,True,0.0488514951461929,1.046835982272489
1.6666666666666663,1e-06,1e-12,True,False,0.04875780813991,
1.6666666666666663,1e-06,1e-12,False,True,0.048878112924492,25.75822610428025
1.6666666666666663,1e-06,1e-12,False,False,0.029836648300033,2.2145685949625213
1.6666666666666663,1e-06,1e-08,True,True,0.048851498055107,1.046835981755179
1.6666666666666663,1e-06,1e-08,True,False,0.0487578105856846,
1.6666666666666663,1e-06,1e-08,False,True,0.0488781161084995,25.758136014465386
1.6666666666666663,1e-06,1e-08,False,False,0.0298366494059225,2.214568595012352
1.6666666666666663,1e-09,0.0,True,True,0.0488606884202167,
1.6666666666666663,1e-09,0.0,True,False,0.0487600694763735,1.0468383390824958
1.6666666666666663,1e-09,0.0,False,True,0.0488606746508114,
1.6666666666666663,1e-09,0.0,False,False,0.0298363484058175,
1.6666666666666663,1e-09,1e-12,True,True,0.0488606774417093,
1.6666666666666663,1e-09,1e-12,True,False,0.0487600689313617,1.0468383390832272
1.6666666666666663,1e-09,1e-12,False,True,0.0488606767357238,
1.6666666666666663,1e-09,1e-12,False,False,0.0298363484447664,
1.6666666666666663,1e-09,1e-08,True,True,0.0488606803173241,
1.6666666666666663,1e-09,1e-08,True,False,0.0487600713598678,
1.6666666666666663,1e-09,1e-08,False,True,0.0488606800780445,
1.6666666666666663,1e-09,1e-08,False,False,0.029836349554191,
2.0,1e-06,0.0,True,True,0.0488731498747062,
2.0,1e-06,0.0,True,False,0.0487986210674733,
2.0,1e-06,0.0,False,True,0.0488546993592003,
2.0,1e-06,0.0,False,False,0.0345842927333802,
2.0,1e-06,1e-12,True,True,0.0488731485767951,
2.0,1e-06,1e-12,True,False,0.0487986212658172,
2.0,1e-06,1e-12,False,True,0.0488546995439817,
2.0,1e-06,1e-12,False,False,0.0345842927430313,2.1522747671550047
2.0,1e-06,1e-08,True,True,0.048873151196171,
2.0,1e-06,1e-08,True,False,0.0487986233383039,
2.0,1e-06,1e-08,False,True,0.048854702195678,1.046838167534166
2.0,1e-06,1e-08,False,False,0.0345842940799103,
2.0,1e-09,0.0,True,True,0.0488606738969014,
2.0,1e-09,0.0,True,False,0.0488029682763701,
2.0,1e-09,0.0,False,True,0.0488606746534057,1.0468383394632788
2.0,1e-09,0.0,False,False,0.03458607368811,
2.0,1e-09,1e-12,True,True,0.0488606725755193,1.0468383391478324
2.0,1e-09,1e-12,True,False,0.0488029684792673,
2.0,1e-09,1e-12,False,True,0.0488606746750759,1.0468383394649097
2.0,1e-09,1e-12,False,False,0.0345860736986162,
2.0,1e-09,1e-08,True,True,0.0488606751665992,
2.0,1e-09,1e-08,True,False,0.0488029706427249,
2.0,1e-09,1e-08,False,True,0.0488606772849139,1.046838339465886
2.0,1e-09,1e-08,False,False,0.0345860750348889,
2.333333333333333,1e-06,0.0,True,True,0.0488609304251564,1.0468385171482686
2.333333333333333,1e-06,0.0,True,False,0.0488302276104537,1.0468369111023093
2.333333333333333,1e-06,0.0,False,True,0.0488531340145403,
2.333333333333333,1e-06,0.0,False,False,0.0378978453899798,2.0951558217717823
2.333333333333333,1e-06,1e-12,True,True,0.0488609306300562,1.0468385171481738
2.333333333333333,1e-06,1e-12,True,False,0.0488302278800325,1.0468369110652869
2.333333333333333,1e-06,1e-12,False,True,0.0488531354029281,
2.333333333333333,1e-06,1e-12,False,False,0.0378978453802712,
2.333333333333333,1e-06,1e-08,True,True,0.0488609327365885,1.046838517148448
2.333333333333333,1e-06,1e-08,True,False,0.0488301783505706,1.0468368556978238
2.333333333333333,1e-06,1e-08,False,True,0.0488531373302552,
2.333333333333333,1e-06,1e-08,False,False,0.0378978465996926,
2.333333333333333,1e-09,0.0,True,True,0.0488606853849443,
2.333333333333333,1e-09,0.0,True,False,0.0488288505428308,
2.333333333333333,1e-09,0.0,False,True,0.0488606767912752,1.0468383384644335
2.333333333333333,1e-09,0.0,False,False,0.0378980621651925,
2.333333333333333,1e-09,1e-12,True,True,0.0488606859482255,
2.333333333333333,1e-09,1e-12,True,False,0.0488288506745198,
2.333333333333333,1e-09,1e-12,False,True,0.0488606781796502,1.04683833846683
2.333333333333333,1e-09,1e-12,False,False,0.0378980621531892,
2.333333333333333,1e-09,1e-08,True,True,0.048860687880529,
2.333333333333333,1e-09,1e-08,True,False,0.0488288553014583,
2.333333333333333,1e-09,1e-08,False,True,0.0488606800642637,1.046838338465173
2.333333333333333,1e-09,1e-08,False,False,0.0378980633716249,
2.6666666666666665,1e-06,0.0,True,True,0.0488601038202056,
2.6666666666666665,1e-06,0.0,True,False,0.0488436842543922,
2.6666666666666665,1e-06,0.0,False,True,0.0488556433621167,
2.6666666666666665,1e-06,0.0,False,False,0.0402972971610224,2.05232189597391
2.6666666666666665,1e-06,1e-12,True,True,0.0488601042124928,
2.6666666666666665,1e-06,1e-12,True,False,0.0488436838594512,1.04683678482514
2.6666666666666665,1e-06,1e-12,False,True,0.0488556432525459,
2.6666666666666665,1e-06,1e-12,False,False,0.0402972971467858,
2.6666666666666665,1e-06,1e-08,True,True,0.0488601060641796,
2.6666666666666665,1e-06,1e-08,True,False,0.0488453495930078,
2.6666666666666665,1e-06,1e-08,False,True,0.0488556474194632,
2.6666666666666665,1e-06,1e-08,False,False,0.0402972986627386,
2.6666666666666665,1e-09,0.0,True,True,0.0488606897491305,
2.6666666666666665,1e-09,0.0,True,False,0.0488461352328149,1.0468383393766505
2.6666666666666665,1e-09,0.0,False,True,0.0488606751463641,1.0468383395222975
2.6666666666666665,1e-09,0.0,False,False,0.0402970808943451,
2.6666666666666665,1e-09,1e-12,True,True,0.0488606900976699,
2.6666666666666665,1e-09,1e-12,True,False,0.0488461353598342,
2.6666666666666665,1e-09,1e-12,False,True,0.0488606746094356,
2.6666666666666665,1e-09,1e-12,False,False,0.0402970808973515,
2.6666666666666665,1e-09,1e-08,True,True,0.0488606916318402,
2.6666666666666665,1e-09,1e-08,True,False,0.0488461398164794,
2.6666666666666665,1e-09,1e-08,False,True,0.0488606648654945,
2.6666666666666665,1e-09,1e-08,False,False,0.0402970808828419,
3.0,1e-06,0.0,True,True,0.0488720225428466,
3.0,1e-06,0.0,True,False,0.0488512205804385,
3.0,1e-06,0.0,False,True,0.0488727157863437,
3.0,1e-06,0.0,False,False,0.0420943163137811,
3.0,1e-06,1e-12,True,True,0.0488720220447223,1.0468331896343923
3.0,1e-06,1e-12,True,False,0.0488512206195455,
3.0,1e-06,1e-12,False,True,0.0488727157239905,
3.0,1e-06,1e-12,False,False,0.0420943163170792,
3.0,1e-06,1e-08,True,True,0.0488720243688475,1.0468331895033725
3.0,1e-06,1e-08,True,False,0.0488512237062963,1.046843976018568
3.0,1e-06,1e-08,False,True,0.048872717825905,
3.0,1e-06,1e-08,False,False,0.0420943179722527,
3.0,1e-09,0.0,True,True,0.0488606907122508,
3.0,1e-09,0.0,True,False,0.0488584920876887,1.0468383397208554
3.0,1e-09,0.0,False,True,0.0488606749253498,
3.0,1e-09,0.0,False,False,0.0420943346074751,
3.0,1e-09,1e-12,True,True,0.0488606902676903,
3.0,1e-09,1e-12,True,False,0.0488584918673043,
3.0,1e-09,1e-12,False,True,0.0488606739103619,
3.0,1e-09,1e-12,False,False,0.0420943346070881,
3.0,1e-09,1e-08,True,True,0.0488606730187475,
3.0,1e-09,1e-08,True,False,0.0488584957491812,1.0468383395251386
3.0,1e-09,1e-08,False,True,0.0488606758296781,
3.0,1e-09,1e-08,False,False,0.0420943362666095,
3.333333333333333,1e-06,0.0,True,True,0.0488546803234387,
3.333333333333333,1e-06,0.0,True,False,0.0488754544543606,
3.333333333333333,1e-06,0.0,False,True,0.0488525413117134,1.0468379848440892
3.333333333333333,1e-06,0.0,False,False,0.043474632735904,
3.333333333333333,1e-06,1e-12,True,True,0.0488546799763286,
3.333333333333333,1e-06,1e-12,True,False,0.0488754544581294,
3.333333333333333,1e-06,1e-12,False,True,0.0488525407302221,
3.333333333333333,1e-06,1e-12,False,False,0.0434746327355928,
3.333333333333333,1e-06,1e-08,True,True,0.0488546815308655,
3.333333333333333,1e-06,1e-08,True,False,0.0488754585019232,
3.333333333333333,1e-06,1e-08,False,True,0.0488525435538674,
3.333333333333333,1e-06,1e-08,False,False,0.043474634501034,
3.333333333333333,1e-09,0.0,True,True,0.0488606724005216,
3.333333333333333,1e-09,0.0,True,False,0.0488596445318591,1.046838338376938
3.333333333333333,1e-09,0.0,False,True,0.0488606772231448,1.0468383394089376
3.333333333333333,1e-09,0.0,False,False,0.0434757691392487,
3.333333333333333,1e-09,1e-12,True,True,0.0488606718337238,1.0468383403608268
3.333333333333333,1e-09,1e-12,True,False,0.0488596294002331,
3.333333333333333,1e-09,1e-12,False,True,0.048860676756437,
3.333333333333333,1e-09,1e-12,False,False,0.0434757691304789,
3.333333333333333,1e-09,1e-08,True,True,0.0488606745289822,1.0468383403235768
3.333333333333333,1e-09,1e-08,True,False,0.0488596392290197,
3.333333333333333,1e-09,1e-08,False,True,0.0488606800146204,
3.333333333333333,1e-09,1e-08,False,False,0.0434757712647797,
3.6666666666666665,1e-06,0.0,True,True,0.0488610044407048,
3.6666666666666665,1e-06,0.0,True,False,0.0488633448711358,
3.6666666666666665,1e-06,0.0,False,True,0.0488664166995264,1.6795652226852194
3.6666666666666665,1e-06,0.0,False,False,0.0445615459170106,1.9703811087785623
3.6666666666666665,1e-06,1e-12,True,True,0.0488610055256425,
3.6666666666666665,1e-06,1e-12,True,False,0.0488633448555414,
3.6666666666666665,1e-06,1e-12,False,True,0.0488664177168144,1.6795578563188664
3.6666666666666665,1e-06,1e-12,False,False,0.0445615459157556,1.970381108801038
3.6666666666666665,1e-06,1e-08,True,True,0.0488610077431515,
3.6666666666666665,1e-06,1e-08,True,False,0.048863501245814,
3.6666666666666665,1e-06,1e-08,False,True,0.0488664195675891,1.679546552546415
3.6666666666666665,1e-06,1e-08,False,False,0.0445615477722095,
3.6666666666666665,1e-09,0.0,True,True,0.0488606813117446,
3.6666666666666665,1e-09,0.0,True,False,0.0488598549448407,
3.6666666666666665,1e-09,0.0,False,True,0.048860671613584,
3.6666666666666665,1e-09,0.0,False,False,0.0445591063749079,1.970508175760227
3.6666666666666665,1e-09,1e-12,True,True,0.0488606781550522,
3.6666666666666665,1e-09,1e-12,True,False,0.0488598549494052,
3.6666666666666665,1e-09,1e-12,False,True,0.0488606707960106,
3.6666666666666665,1e-09,1e-12,False,False,0.0445591063649766,
3.6666666666666665,1e-09,1e-08,True,True,0.0488606798033821,
3.6666666666666665,1e-09,1e-08,True,False,0.0488598455226017,
3.6666666666666665,1e-09,1e-08,False,True,0.0488606740567286,
3.6666666666666665,1e-09,1e-08,False,False,0.0445591082432236,
4.0,1e-06,0.0,True,True,0.0488568490625226,2.358498967182721
4.0,1e-06,0.0,True,False,0.048868851342395,
4.0,1e-06,0.0,False,True,0.0488567685500164,1.046840901956057
4.0,1e-06,0.0,False,False,0.0454267097087227,1.9522288724389656
4.0,1e-06,1e-12,True,True,0.0488568498101994,2.3584940719806333
4.0,1e-06,1e-12,True,False,0.0488688513300471,
4.0,1e-06,1e-12,False,True,0.0488567693421461,1.0468409031263737
4.0,1e-06,1e-12,False,False,0.0454267097010637,
4.0,1e-06,1e-08,True,True,0.0488568529222053,
4.0,1e-06,1e-08,True,False,0.0488688543574611,
4.0,1e-06,1e-08,False,True,0.0488567732893022,1.0468409038580926
4.0,1e-06,1e-08,False,False,0.0454267114612961,1.952228872369776
4.0,1e-09,0.0,True,True,0.0488606750861893,
4.0,1e-09,0.0,True,False,0.0488599873801402,
4.0,1e-09,0.0,False,True,0.0488606745407557,
4.0,1e-09,0.0,False,False,0.0454223665350946,1.952326323239538
4.0,1e-09,1e-12,True,True,0.0488606718227794,
4.0,1e-09,1e-12,True,False,0.048859989018403,
4.0,1e-09,1e-12,False,True,0.0488606767311402,1.0468383395366068
4.0,1e-09,1e-12,False,False,0.0454223665352048,1.9523263232159955
4.0,1e-09,1e-08,True,True,0.0488606746136145,
4.0,1e-09,1e-08,True,False,0.0488599853229213,
4.0,1e-09,1e-08,False,True,0.0488606790774874,
4.0,1e-09,1e-08,False,False,0.0454223683479227,
4.333333333333333,1e-06,0.0,True,True,0.0488564377699955,2.0302343345683225
4.333333333333333,1e-06,0.0,True,False,0.0488678235227402,1.0468371324634835
4.333333333333333,1e-06,0.0,False,True,0.048857808005987,
4.333333333333333,1e-06,0.0,False,False,0.0460968375534957,1.93510176215187
4.333333333333333,1e-06,1e-12,True,True,0.0488564391800177,2.0302433065996697
4.333333333333333,1e-06,1e-12,True,False,0.0488678235109572,
4.333333333333333,1e-06,1e-12,False,True,0.0488578085190869,1.0468394463704045
4.333333333333333,1e-06,1e-12,False,False,0.0460968375565777,1.935101762156289
4.333333333333333,1e-06,1e-08,True,True,0.0488564405552655,2.0302640374754937
4.333333333333333,1e-06,1e-08,True,False,0.0488678264986148,
4.333333333333333,1e-06,1e-08,False,True,0.0488578108600203,1.0468394458772945
4.333333333333333,1e-06,1e-08,False,False,0.046096839432135,1.9351017635432533
4.333333333333333,1e-09,0.0,True,True,0.048860675429597,
4.333333333333333,1e-09,0.0,True,False,0.0488600878288298,
4.333333333333333,1e-09,0.0,False,True,0.0488606794654656,
4.333333333333333,1e-09,0.0,False,False,0.0460945803506388,
4.333333333333333,1e-09,1e-12,True,True,0.0488606763308446,
4.333333333333333,1e-09,1e-12,True,False,0.0488600924748135,
4.333333333333333,1e-09,1e-12,False,True,0.0488606789600913,
4.333333333333333,1e-09,1e-12,False,False,0.0460945803394558,1.93502492889581
4.333333333333333,1e-09,1e-08,True,True,0.0488606770582993,
4.333333333333333,1e-09,1e-08,True,False,0.0488601085972405,
4.333333333333333,1e-09,1e-08,False,True,0.0488606808008378,
4.333333333333333,1e-09,1e-08,False,False,0.0460945822270275,
4.666666666666666,1e-06,0.0,True,True,0.0488588384199938,
4.666666666666666,1e-06,0.0,True,False,0.0488673421163063,
4.666666666666666,1e-06,0.0,False,True,0.04886075034564,1.04684067858213
4.666666666666666,1e-06,0.0,False,False,0.0465954904746004,
4.666666666666666,1e-06,1e-12,True,True,0.0488588400853461,
4.666666666666666,1e-06,1e-12,True,False,0.0488673428440359,
4.666666666666666,1e-06,1e-12,False,True,0.048860751525798,
4.666666666666666,1e-06,1e-12,False,False,0.0465954904703012,
4.666666666666666,1e-06,1e-08,True,True,0.0488588428150161,
4.666666666666666,1e-06,1e-08,True,False,0.0488676541742355,1.0468383787415902
4.666666666666666,1e-06,1e-08,False,True,0.0488607684154694,1.0468407294794904
4.666666666666666,1e-06,1e-08,False,False,0.0465954928277454,
4.666666666666666,1e-09,0.0,True,True,0.0488606758570168,1.046838339561798
4.666666666666666,1e-09,0.0,True,False,0.0488601652986642,
4.666666666666666,1e-09,0.0,False,True,0.0488606756017152,
4.666666666666666,1e-09,0.0,False,False,0.0465949158574031,
4.666666666666666,1e-09,1e-12,True,True,0.0488606792725747,
4.666666666666666,1e-09,1e-12,True,False,0.0488601486318894,
4.666666666666666,1e-09,1e-12,False,True,0.0488606761359297,
4.666666666666666,1e-09,1e-12,False,False,0.0465949158596616,
4.666666666666666,1e-09,1e-08,True,True,0.0488606784308672,
4.666666666666666,1e-09,1e-08,True,False,0.0488601647409541,
4.666666666666666,1e-09,1e-08,False,True,0.0488606785482112,
4.666666666666666,1e-09,1e-08,False,False,0.0465949182148587,
5.0,1e-06,0.0,True,True,0.0488600110488797,
5.0,1e-06,0.0,True,False,0.0488714519010804,
5.0,1e-06,0.0,False,True,0.0488633072690796,
5.0,1e-06,0.0,False,False,0.0469724319656969,
5.0,1e-06,1e-12,True,True,0.048860012423384,
5.0,1e-06,1e-12,True,False,0.0488714518299315,
5.0,1e-06,1e-12,False,True,0.0488633070654865,
5.0,1e-06,1e-12,False,False,0.0469724319591043,
5.0,1e-06,1e-08,True,True,0.0488600146527494,
5.0,1e-06,1e-08,True,False,0.0488714575158664,
5.0,1e-06,1e-08,False,True,0.0488633099805729,
5.0,1e-06,1e-08,False,False,0.0469724342359367,
5.0,1e-09,0.0,True,True,0.0488606739780862,
5.0,1e-09,0.0,True,False,0.048860218016759,
5.0,1e-09,0.0,False,True,0.0488606679124408,1.0468383395608212
5.0,1e-09,0.0,False,False,0.0469712222629854,1.886464481961172
5.0,1e-09,1e-12,True,True,0.0488606758606378,
5.0,1e-09,1e-12,True,False,0.0488602179107374,
5.0,1e-09,1e-12,False,True,0.0488606682323831,
5.0,1e-09,1e-12,False,False,0.0469712222747343,
5.0,1e-09,1e-08,True,True,0.048860678410123,
5.0,1e-09,1e-08,True,False,0.0488602204657384,1.0468383393624994
5.0,1e-09,1e-08,False,True,0.0488606721660742,1.0468383395825187
5.0,1e-09,1e-08,False,False,0.0469712245026931,1.8864644912389
5.333333333333333,1e-06,0.0,True,True,0.048860826630604,1.0468396756162746
5.333333333333333,1e-06,0.0,True,False,0.0488647622089714,
5.333333333333333,1e-06,0.0,False,True,0.0488604417992601,
5.333333333333333,1e-06,0.0,False,False,0.0472584304543891,1.876610467747874
5.333333333333333,1e-06,1e-12,True,True,0.0488608282927054,1.046839678736485
5.333333333333333,1e-06,1e-12,True,False,0.0488647622186676,
5.333333333333333,1e-06,1e-12,False,True,0.0488604425227463,
5.333333333333333,1e-06,1e-12,False,False,0.0472584304460807,
5.333333333333333,1e-06,1e-08,True,True,0.0488608238649784,1.0468396892305254
5.333333333333333,1e-06,1e-08,True,False,0.0488647671943564,
5.333333333333333,1e-06,1e-08,False,True,0.0488604427845874,
5.333333333333333,1e-06,1e-08,False,False,0.0472584326042871,
5.333333333333333,1e-09,0.0,True,True,0.0488606732046003,
5.333333333333333,1e-09,0.0,True,False,0.0488602644166198,
5.333333333333333,1e-09,0.0,False,True,0.0488606747535453,1.0468383396580945
5.333333333333333,1e-09,0.0,False,False,0.0472583044263684,1.876602708777542
5.333333333333333,1e-09,1e-12,True,True,0.0488606744672761,
5.333333333333333,1e-09,1e-12,True,False,0.0488602713742571,
5.333333333333333,1e-09,1e-12,False,True,0.0488606759981723,
5.333333333333333,1e-09,1e-12,False,False,0.047258304536214,
5.333333333333333,1e-09,1e-08,True,True,0.0488606761201294,
5.333333333333333,1e-09,1e-08,True,False,0.0488602740168884,
5.333333333333333,1e-09,1e-08,False,True,0.0488606772067579,
5.333333333333333,1e-09,1e-08,False,False,0.0472583067373829,
5.666666666666666,1e-06,0.0,True,True,0.0488600871050475,
5.666666666666666,1e-06,0.0,True,False,0.048852010036906,
5.666666666666666,1e-06,0.0,False,True,0.0488590836873229,
5.666666666666666,1e-06,0.0,False,False,0.0474834028816538,
5.666666666666666,1e-06,1e-12,True,True,0.0488600866944985,
5.666666666666666,1e-06,1e-12,True,False,0.0488520100572251,
5.666666666666666,1e-06,1e-12,False,True,0.0488590830335355,
5.666666666666666,1e-06,1e-12,False,False,0.0474834028919718,
5.666666666666666,1e-06,1e-08,True,True,0.0488600867111557,
5.666666666666666,1e-06,1e-08,True,False,0.048852012522731,
5.666666666666666,1e-06,1e-08,False,True,0.0488590816536901,1.0468373015973589
5.666666666666666,1e-06,1e-08,False,False,0.0474834054498572,
5.666666666666666,1e-09,0.0,True,True,0.0488606744699978,
5.666666666666666,1e-09,0.0,True,False,0.0488603009540592,
5.666666666666666,1e-09,0.0,False,True,0.0488606714737362,
5.666666666666666,1e-09,0.0,False,False,0.0474811350999895,
5.666666666666666,1e-09,1e-12,True,True,0.0488606746382632,
5.666666666666666,1e-09,1e-12,True,False,0.0488603009935889,1.0468383394072829
5.666666666666666,1e-09,1e-12,False,True,0.0488606720157811,
5.666666666666666,1e-09,1e-12,False,False,0.047481135097727,
5.666666666666666,1e-09,1e-08,True,True,0.0488606776652239,1.046838339421854
5.666666666666666,1e-09,1e-08,True,False,0.0488603234510064,
5.666666666666666,1e-09,1e-08,False,True,0.0488606764215145,
5.666666666666666,1e-09,1e-08,False,False,0.04748113693798,
6.0,1e-06,0.0,True,True,0.0488618037053847,
6.0,1e-06,0.0,True,False,0.0488637717616679,
6.0,1e-06,0.0,False,True,0.0488604098926542,
6.0,1e-06,0.0,False,False,0.0476565499536419,
6.0,1e-06,1e-12,True,True,0.0488618054029995,
6.0,1e-06,1e-12,True,False,0.0488637718359875,
6.0,1e-06,1e-12,False,True,0.0488604086393154,
6.0,1e-06,1e-12,False,False,0.0476565498715076,
6.0,1e-06,1e-08,True,True,0.0488618053166843,
6.0,1e-06,1e-08,True,False,0.0488637749512563,
6.0,1e-06,1e-08,False,True,0.0488606192178328,
6.0,1e-06,1e-08,False,False,0.0476565525614515,
6.0,1e-09,0.0,True,True,0.0488606774023747,1.0468383392113785
6.0,1e-09,0.0,True,False,0.0488603419375766,
6.0,1e-09,0.0,False,True,0.0488606710783895,
6.0,1e-09,0.0,False,False,0.0476573787022851,
6.0,1e-09,1e-12,True,True,0.0488606776919787,1.0468383392076386
6.0,1e-09,1e-12,True,False,0.048860342032982,
6.0,1e-09,1e-12,False,True,0.0488606724071898,
6.0,1e-09,1e-12,False,False,0.0476573787232256,
6.0,1e-09,1e-08,True,True,0.0488606808464796,1.046838339197892
6.0,1e-09,1e-08,True,False,0.0488603450817795,
6.0,1e-09,1e-08,False,True,0.0488606773097766,1.0468383395501
6.0,1e-09,1e-08,False,False,0.0476573811283177,
6.333333333333333,1e-06,0.0,True,True,0.0488614020631947,
6.333333333333333,1e-06,0.0,True,False,0.0488623721702238,
6.333333333333333,1e-06,0.0,False,True,0.0488685066768248,
6.333333333333333,1e-06,0.0,False,False,0.0478019198501848,
6.333333333333333,1e-06,1e-12,True,True,0.0488614023859147,
6.333333333333333,1e-06,1e-12,True,False,0.048862372519367,
6.333333333333333,1e-06,1e-12,False,True,0.0488685066850234,
6.333333333333333,1e-06,1e-12,False,False,0.047801919888858,
6.333333333333333,1e-06,1e-08,True,True,0.048861420202159,
6.333333333333333,1e-06,1e-08,True,False,0.0488623799346072,
6.333333333333333,1e-06,1e-08,False,True,0.0488685094737834,1.0468382511567187
6.333333333333333,1e-06,1e-08,False,False,0.0478019222464207,
6.333333333333333,1e-09,0.0,True,True,0.0488606780672331,
6.333333333333333,1e-09,0.0,True,False,0.0488603762008126,
6.333333333333333,1e-09,0.0,False,True,0.0488606705389151,1.046838337373091
6.333333333333333,1e-09,0.0,False,False,0.047799406614319,
6.333333333333333,1e-09,1e-12,True,True,0.0488606783829773,1.0468383394798386
6.333333333333333,1e-09,1e-12,True,False,0.0488603666133374,
6.333333333333333,1e-09,1e-12,False,True,0.0488606738411162,1.0468383395417082
6.333333333333333,1e-09,1e-12,False,False,0.0477994073393891,1.7281431262485496
6.333333333333333,1e-09,1e-08,True,True,0.0488606801479482,
6.333333333333333,1e-09,1e-08,True,False,0.0488603640164949,1.0468383390272276
6.333333333333333,1e-09,1e-08,False,True,0.0488606764705744,
6.333333333333333,1e-09,1e-08,False,False,0.0477994088665691,
6.666666666666666,1e-06,0.0,True,True,0.0488612126538966,
6.666666666666666,1e-06,0.0,True,False,0.0488638967121297,
6.666666666666666,1e-06,0.0,False,True,0.0488603949218966,1.0468382721162042
6.666666666666666,1e-06,0.0,False,False,0.047918276299664,1.655857800524209
6.666666666666666,1e-06,1e-12,True,True,0.0488612128804458,1.046838354105736
6.666666666666666,1e-06,1e-12,True,False,0.0488638967259101,
6.666666666666666,1e-06,1e-12,False,True,0.0488603949377453,
6.666666666666666,1e-06,1e-12,False,False,0.0479182759663844,
6.666666666666666,1e-06,1e-08,True,True,0.0488612141476628,
6.666666666666666,1e-06,1e-08,True,False,0.0488638993301846,
6.666666666666666,1e-06,1e-08,False,True,0.0488603973546813,1.0468382719427312
6.666666666666666,1e-06,1e-08,False,False,0.0479182735192236,
6.666666666666666,1e-09,0.0,True,True,0.0488606757192795,
6.666666666666666,1e-09,0.0,True,False,0.0488603963133592,1.0468383393359282
6.666666666666666,1e-09,0.0,False,True,0.0488606754040306,1.0468383393626803
6.666666666666666,1e-09,0.0,False,False,0.0479159266139943,
6.666666666666666,1e-09,1e-12,True,True,0.0488606758525002,
6.666666666666666,1e-09,1e-12,True,False,0.0488603842695052,1.046838339470228
6.666666666666666,1e-09,1e-12,False,True,0.048860675381941,
6.666666666666666,1e-09,1e-12,False,False,0.0479159268098503,
6.666666666666666,1e-09,1e-08,True,True,0.0488606786938511,
6.666666666666666,1e-09,1e-08,True,False,0.0488603901310639,
6.666666666666666,1e-09,1e-08,False,True,0.0488606781056914,1.0468383393622154
6.666666666666666,1e-09,1e-08,False,False,0.0479159291868609,
7.0,1e-06,0.0,True,True,0.0488610955214266,
7.0,1e-06,0.0,True,False,0.0488599190250974,
7.0,1e-06,0.0,False,True,0.0488608205577354,
7.0,1e-06,0.0,False,False,0.0480104839870605,
7.0,1e-06,1e-12,True,True,0.048861095887664,1.046838135554253
7.0,1e-06,1e-12,True,False,0.0488599189341362,
7.0,1e-06,1e-12,False,True,0.0488608208690965,
7.0,1e-06,1e-12,False,False,0.0480104839890273,1.5887324087931916
7.0,1e-06,1e-08,True,True,0.0488610973950514,1.0468381353099387
7.0,1e-06,1e-08,True,False,0.0488599217481503,
7.0,1e-06,1e-08,False,True,0.0488608232010758,
7.0,1e-06,1e-08,False,False,0.048010486697573,
7.0,1e-09,0.0,True,True,0.0488606776824264,
7.0,1e-09,0.0,True,False,0.0488604062411247,
7.0,1e-09,0.0,False,True,0.0488606744636785,
7.0,1e-09,0.0,False,False,0.0480130689148956,
7.0,1e-09,1e-12,True,True,0.0488606703448756,
7.0,1e-09,1e-12,True,False,0.0488604077970229,
7.0,1e-09,1e-12,False,True,0.0488606747196715,
7.0,1e-09,1e-12,False,False,0.0480130689071903,
7.0,1e-09,1e-08,True,True,0.048860680333195,
7.0,1e-09,1e-08,True,False,0.0488604105404629,
7.0,1e-09,1e-08,False,True,0.0488606771830038,
7.0,1e-09,1e-08,False,False,0.0480130715248839,
7.333333333333333,1e-06,0.0,True,True,0.0488553311624231,
7.333333333333333,1e-06,0.0,True,False,0.0488608118673643,
7.333333333333333,1e-06,0.0,False,True,0.0488610049805535,
7.333333333333333,1e-06,0.0,False,False,0.0480953095927479,
7.333333333333333,1e-06,1e-12,True,True,0.0488553316549294,
7.333333333333333,1e-06,1e-12,True,False,0.0488608117364159,1.0468375373161711
7.333333333333333,1e-06,1e-12,False,True,0.048861005532952,
7.333333333333333,1e-06,1e-12,False,False,0.0480953095917222,
7.333333333333333,1e-06,1e-08,True,True,0.0488553345295796,1.0468380699580524
7.333333333333333,1e-06,1e-08,True,False,0.0488608099870439,
7.333333333333333,1e-06,1e-08,False,True,0.0488643028411789,
7.333333333333333,1e-06,1e-08,False,False,0.0480953120979461,1.5267163274509707
7.333333333333333,1e-09,0.0,True,True,0.0488606651930888,
7.333333333333333,1e-09,0.0,True,False,0.0488604072079869,
7.333333333333333,1e-09,0.0,False,True,0.0488606752282259,1.046838339235958
7.333333333333333,1e-09,0.0,False,False,0.048095226684987,
7.333333333333333,1e-09,1e-12,True,True,0.0488606756845623,
7.333333333333333,1e-09,1e-12,True,False,0.0488604071472887,1.046838339531092
7.333333333333333,1e-09,1e-12,False,True,0.0488606757577485,
7.333333333333333,1e-09,1e-12,False,False,0.0480952266571796,
7.333333333333333,1e-09,1e-08,True,True,0.0488606680634025,
7.333333333333333,1e-09,1e-08,True,False,0.0488604149962498,1.046838339540939
7.333333333333333,1e-09,1e-08,False,True,0.0488606789878654,
7.333333333333333,1e-09,1e-08,False,False,0.0480952291483617,
7.666666666666666,1e-06,0.0,True,True,0.0488576076781569,
7.666666666666666,1e-06,0.0,True,False,0.0488593627314135,
7.666666666666666,1e-06,0.0,False,True,0.0488609665658765,
7.666666666666666,1e-06,0.0,False,False,0.0481667852927744,
7.666666666666666,1e-06,1e-12,True,True,0.0488576076945724,
7.666666666666666,1e-06,1e-12,True,False,0.0488624536174474,
7.666666666666666,1e-06,1e-12,False,True,0.0488609668474159,
7.666666666666666,1e-06,1e-12,False,False,0.0481667852958651,
7.666666666666666,1e-06,1e-08,True,True,0.0488576107837159,
7.666666666666666,1e-06,1e-08,True,False,0.0488608385667271,
7.666666666666666,1e-06,1e-08,False,True,0.048860968825663,
7.666666666666666,1e-06,1e-08,False,False,0.0481667879498612,1.4700020472463085
7.666666666666666,1e-09,0.0,True,True,0.048860676360622,
7.666666666666666,1e-09,0.0,True,False,0.0488604417282218,
7.666666666666666,1e-09,0.0,False,True,0.0488606751166903,1.0468383395118124
7.666666666666666,1e-09,0.0,False,False,0.0481655879537776,
7.666666666666666,1e-09,1e-12,True,True,0.0488606763643748,
7.666666666666666,1e-09,1e-12,True,False,0.0488604311085756,
7.666666666666666,1e-09,1e-12,False,True,0.0488606751793245,1.0468383395224163
7.666666666666666,1e-09,1e-12,False,False,0.0481655904591806,
7.666666666666666,1e-09,1e-08,True,True,0.0488606772834503,1.0468383393997422
7.666666666666666,1e-09,1e-08,True,False,0.0488604430176429,
7.666666666666666,1e-09,1e-08,False,True,0.0488606778665264,1.0468383395178844
7.666666666666666,1e-09,1e-08,False,False,0.0481655906240031,
8.0,1e-06,0.0,True,True,0.0488614474794166,
8.0,1e-06,0.0,True,False,0.0488596607660199,
8.0,1e-06,0.0,False,True,0.0488616981750067,
8.0,1e-06,0.0,False,False,0.0482236357976189,
8.0,1e-06,1e-12,True,True,0.0488614486215644,
8.0,1e-06,1e-12,True,False,0.0488569236647015,
8.0,1e-06,1e-12,False,True,0.0488616984551198,
8.0,1e-06,1e-12,False,False,0.0482236358589943,
8.0,1e-06,1e-08,True,True,0.0488615137579944,1.0468376900274887
8.0,1e-06,1e-08,True,False,0.0488597697524868,
8.0,1e-06,1e-08,False,True,0.0488616361216796,
8.0,1e-06,1e-08,False,False,0.0482236380948911,1.4147720203547829
8.0,1e-09,0.0,True,True,0.0488606779714287,
8.0,1e-09,0.0,True,False,0.0488604506143906,
8.0,1e-09,0.0,False,True,0.0488606640440881,
8.0,1e-09,0.0,False,False,0.0482265359419122,
8.0,1e-09,1e-12,True,True,0.0488606779163997,
8.0,1e-09,1e-12,True,False,0.0488604620650913,
8.0,1e-09,1e-12,False,True,0.0488606648510877,
8.0,1e-09,1e-12,False,False,0.0482265359322289,
8.0,1e-09,1e-08,True,True,0.0488606804676564,
8.0,1e-09,1e-08,True,False,0.0488604488225682,1.046838339522027
8.0,1e-09,1e-08,False,True,0.0488606775965024,1.0468383390263316
8.0,1e-09,1e-08,False,False,0.0482265386514774,
